timestamp,rep,config,eav_pos_m,seed,status,scalar_file
2026-05-02T19:20:44,1,GPSRCS-20veh,500.0,1,OK,results\GPSRCS-20veh-e500-rep1-#0.sca
2026-05-02T19:21:18,1,GPSRCS-40veh,500.0,1,OK,results\GPSRCS-40veh-e500-rep1-#0.sca
2026-05-02T19:22:26,1,GPSRCS-60veh,500.0,1,OK,results\GPSRCS-60veh-e500-rep1-#0.sca
2026-05-02T19:24:14,1,GPSRCS-80veh,500.0,1,OK,results\GPSRCS-80veh-e500-rep1-#0.sca
2026-05-02T19:26:55,1,GPSRCS-100veh,500.0,1,OK,results\GPSRCS-100veh-e500-rep1-#0.sca
2026-05-02T19:27:41,1,UFRPLS-20veh-a05,500.0,1,OK,results\UFRPLS-20veh-a05-e500-rep1-#0.sca
2026-05-02T19:29:22,1,UFRPLS-40veh-a05,500.0,1,OK,results\UFRPLS-40veh-a05-e500-rep1-#0.sca
2026-05-02T19:32:13,1,UFRPLS-60veh-a05,500.0,1,OK,results\UFRPLS-60veh-a05-e500-rep1-#0.sca
2026-05-02T19:36:28,1,UFRPLS-80veh-a05,500.0,1,OK,results\UFRPLS-80veh-a05-e500-rep1-#0.sca
2026-05-02T19:42:52,1,UFRPLS-100veh-a05,500.0,1,OK,results\UFRPLS-100veh-a05-e500-rep1-#0.sca
2026-05-02T19:43:32,1,UFRPLS-20veh-a03,500.0,1,OK,results\UFRPLS-20veh-a03-e500-rep1-#0.sca
2026-05-02T19:45:10,1,UFRPLS-40veh-a03,500.0,1,OK,results\UFRPLS-40veh-a03-e500-rep1-#0.sca
2026-05-02T19:47:51,1,UFRPLS-60veh-a03,500.0,1,OK,results\UFRPLS-60veh-a03-e500-rep1-#0.sca
2026-05-02T19:51:53,1,UFRPLS-80veh-a03,500.0,1,OK,results\UFRPLS-80veh-a03-e500-rep1-#0.sca
2026-05-02T19:57:07,1,UFRPLS-100veh-a03,500.0,1,OK,results\UFRPLS-100veh-a03-e500-rep1-#0.sca
2026-05-02T19:57:55,1,UFRPLS-20veh-a07,500.0,1,OK,results\UFRPLS-20veh-a07-e500-rep1-#0.sca
2026-05-02T19:59:34,1,UFRPLS-40veh-a07,500.0,1,OK,results\UFRPLS-40veh-a07-e500-rep1-#0.sca
2026-05-02T20:02:15,1,UFRPLS-60veh-a07,500.0,1,OK,results\UFRPLS-60veh-a07-e500-rep1-#0.sca
2026-05-02T20:06:16,1,UFRPLS-80veh-a07,500.0,1,OK,results\UFRPLS-80veh-a07-e500-rep1-#0.sca
2026-05-02T20:11:43,1,UFRPLS-100veh-a07,500.0,1,OK,results\UFRPLS-100veh-a07-e500-rep1-#0.sca
2026-05-02T20:12:25,1,UFRPLS-20veh-a01,500.0,1,OK,results\UFRPLS-20veh-a01-e500-rep1-#0.sca
2026-05-02T20:13:40,1,UFRPLS-40veh-a01,500.0,1,OK,results\UFRPLS-40veh-a01-e500-rep1-#0.sca
2026-05-02T20:15:48,1,UFRPLS-60veh-a01,500.0,1,OK,results\UFRPLS-60veh-a01-e500-rep1-#0.sca
2026-05-02T20:19:14,1,UFRPLS-80veh-a01,500.0,1,OK,results\UFRPLS-80veh-a01-e500-rep1-#0.sca
2026-05-02T20:23:44,1,UFRPLS-100veh-a01,500.0,1,OK,results\UFRPLS-100veh-a01-e500-rep1-#0.sca
2026-05-02T20:24:32,1,UFRPLS-20veh-a09,500.0,1,OK,results\UFRPLS-20veh-a09-e500-rep1-#0.sca
2026-05-02T20:26:10,1,UFRPLS-40veh-a09,500.0,1,OK,results\UFRPLS-40veh-a09-e500-rep1-#0.sca
2026-05-02T20:28:48,1,UFRPLS-60veh-a09,500.0,1,OK,results\UFRPLS-60veh-a09-e500-rep1-#0.sca
2026-05-02T20:32:43,1,UFRPLS-80veh-a09,500.0,1,OK,results\UFRPLS-80veh-a09-e500-rep1-#0.sca
2026-05-02T20:38:05,1,UFRPLS-100veh-a09,500.0,1,OK,results\UFRPLS-100veh-a09-e500-rep1-#0.sca
2026-05-02T20:38:22,1,GPSRCS-20veh-fast,500.0,1,OK,results\GPSRCS-20veh-fast-e500-rep1-#0.sca
2026-05-02T20:38:58,1,GPSRCS-40veh-fast,500.0,1,OK,results\GPSRCS-40veh-fast-e500-rep1-#0.sca
2026-05-02T20:39:55,1,GPSRCS-60veh-fast,500.0,1,OK,results\GPSRCS-60veh-fast-e500-rep1-#0.sca
2026-05-02T20:41:30,1,GPSRCS-80veh-fast,500.0,1,OK,results\GPSRCS-80veh-fast-e500-rep1-#0.sca
2026-05-02T20:44:07,1,GPSRCS-100veh-fast,500.0,1,OK,results\GPSRCS-100veh-fast-e500-rep1-#0.sca
2026-05-02T20:44:52,1,UFRPLS-20veh-a05-fast,500.0,1,OK,results\UFRPLS-20veh-a05-fast-e500-rep1-#0.sca
2026-05-02T20:46:29,1,UFRPLS-40veh-a05-fast,500.0,1,OK,results\UFRPLS-40veh-a05-fast-e500-rep1-#0.sca
2026-05-02T20:48:57,1,UFRPLS-60veh-a05-fast,500.0,1,OK,results\UFRPLS-60veh-a05-fast-e500-rep1-#0.sca
2026-05-02T20:52:53,1,UFRPLS-80veh-a05-fast,500.0,1,OK,results\UFRPLS-80veh-a05-fast-e500-rep1-#0.sca
2026-05-02T20:58:17,1,UFRPLS-100veh-a05-fast,500.0,1,OK,results\UFRPLS-100veh-a05-fast-e500-rep1-#0.sca
2026-05-02T20:59:02,1,UFRPLS-20veh-a03-fast,500.0,1,OK,results\UFRPLS-20veh-a03-fast-e500-rep1-#0.sca
2026-05-02T21:00:31,1,UFRPLS-40veh-a03-fast,500.0,1,OK,results\UFRPLS-40veh-a03-fast-e500-rep1-#0.sca
2026-05-02T21:02:48,1,UFRPLS-60veh-a03-fast,500.0,1,OK,results\UFRPLS-60veh-a03-fast-e500-rep1-#0.sca
2026-05-02T21:06:17,1,UFRPLS-80veh-a03-fast,500.0,1,OK,results\UFRPLS-80veh-a03-fast-e500-rep1-#0.sca
2026-05-02T21:11:19,1,UFRPLS-100veh-a03-fast,500.0,1,OK,results\UFRPLS-100veh-a03-fast-e500-rep1-#0.sca
2026-05-02T21:12:10,1,UFRPLS-20veh-a07-fast,500.0,1,OK,results\UFRPLS-20veh-a07-fast-e500-rep1-#0.sca
2026-05-02T21:13:55,1,UFRPLS-40veh-a07-fast,500.0,1,OK,results\UFRPLS-40veh-a07-fast-e500-rep1-#0.sca
2026-05-02T21:16:29,1,UFRPLS-60veh-a07-fast,500.0,1,OK,results\UFRPLS-60veh-a07-fast-e500-rep1-#0.sca
2026-05-02T21:20:26,1,UFRPLS-80veh-a07-fast,500.0,1,OK,results\UFRPLS-80veh-a07-fast-e500-rep1-#0.sca
2026-05-02T21:26:39,1,UFRPLS-100veh-a07-fast,500.0,1,OK,results\UFRPLS-100veh-a07-fast-e500-rep1-#0.sca
2026-05-02T21:26:57,2,GPSRCS-20veh,100.0,2,OK,results\GPSRCS-20veh-e100-rep2-#0.sca
2026-05-02T21:27:34,2,GPSRCS-40veh,100.0,2,OK,results\GPSRCS-40veh-e100-rep2-#0.sca
2026-05-02T21:28:41,2,GPSRCS-60veh,100.0,2,OK,results\GPSRCS-60veh-e100-rep2-#0.sca
2026-05-02T21:30:40,2,GPSRCS-80veh,100.0,2,OK,results\GPSRCS-80veh-e100-rep2-#0.sca
2026-05-02T21:33:23,2,GPSRCS-100veh,100.0,2,OK,results\GPSRCS-100veh-e100-rep2-#0.sca
2026-05-02T21:34:09,2,UFRPLS-20veh-a05,100.0,2,OK,results\UFRPLS-20veh-a05-e100-rep2-#0.sca
2026-05-02T21:35:35,2,UFRPLS-40veh-a05,100.0,2,OK,results\UFRPLS-40veh-a05-e100-rep2-#0.sca
2026-05-02T21:37:13,2,UFRPLS-60veh-a05,100.0,2,OK,results\UFRPLS-60veh-a05-e100-rep2-#0.sca
2026-05-02T21:40:59,2,UFRPLS-80veh-a05,100.0,2,OK,results\UFRPLS-80veh-a05-e100-rep2-#0.sca
2026-05-02T21:45:20,2,UFRPLS-100veh-a05,100.0,2,OK,results\UFRPLS-100veh-a05-e100-rep2-#0.sca
2026-05-02T21:45:59,2,UFRPLS-20veh-a03,100.0,2,OK,results\UFRPLS-20veh-a03-e100-rep2-#0.sca
2026-05-02T21:47:04,2,UFRPLS-40veh-a03,100.0,2,OK,results\UFRPLS-40veh-a03-e100-rep2-#0.sca
2026-05-02T21:48:36,2,UFRPLS-60veh-a03,100.0,2,OK,results\UFRPLS-60veh-a03-e100-rep2-#0.sca
2026-05-02T21:51:59,2,UFRPLS-80veh-a03,100.0,2,OK,results\UFRPLS-80veh-a03-e100-rep2-#0.sca
2026-05-02T21:56:14,2,UFRPLS-100veh-a03,100.0,2,OK,results\UFRPLS-100veh-a03-e100-rep2-#0.sca
2026-05-02T21:57:01,2,UFRPLS-20veh-a07,100.0,2,OK,results\UFRPLS-20veh-a07-e100-rep2-#0.sca
2026-05-02T21:58:26,2,UFRPLS-40veh-a07,100.0,2,OK,results\UFRPLS-40veh-a07-e100-rep2-#0.sca
2026-05-02T21:59:55,2,UFRPLS-60veh-a07,100.0,2,OK,results\UFRPLS-60veh-a07-e100-rep2-#0.sca
2026-05-02T22:03:41,2,UFRPLS-80veh-a07,100.0,2,OK,results\UFRPLS-80veh-a07-e100-rep2-#0.sca
2026-05-02T22:08:00,2,UFRPLS-100veh-a07,100.0,2,OK,results\UFRPLS-100veh-a07-e100-rep2-#0.sca
2026-05-02T22:08:40,2,UFRPLS-20veh-a01,100.0,2,OK,results\UFRPLS-20veh-a01-e100-rep2-#0.sca
2026-05-02T22:09:42,2,UFRPLS-40veh-a01,100.0,2,OK,results\UFRPLS-40veh-a01-e100-rep2-#0.sca
2026-05-02T22:11:11,2,UFRPLS-60veh-a01,100.0,2,OK,results\UFRPLS-60veh-a01-e100-rep2-#0.sca
2026-05-02T22:14:16,2,UFRPLS-80veh-a01,100.0,2,OK,results\UFRPLS-80veh-a01-e100-rep2-#0.sca
2026-05-02T22:18:23,2,UFRPLS-100veh-a01,100.0,2,OK,results\UFRPLS-100veh-a01-e100-rep2-#0.sca
2026-05-02T22:19:11,2,UFRPLS-20veh-a09,100.0,2,OK,results\UFRPLS-20veh-a09-e100-rep2-#0.sca
2026-05-02T22:20:32,2,UFRPLS-40veh-a09,100.0,2,OK,results\UFRPLS-40veh-a09-e100-rep2-#0.sca
2026-05-02T22:22:04,2,UFRPLS-60veh-a09,100.0,2,OK,results\UFRPLS-60veh-a09-e100-rep2-#0.sca
2026-05-02T22:25:46,2,UFRPLS-80veh-a09,100.0,2,OK,results\UFRPLS-80veh-a09-e100-rep2-#0.sca
2026-05-02T22:29:58,2,UFRPLS-100veh-a09,100.0,2,OK,results\UFRPLS-100veh-a09-e100-rep2-#0.sca
2026-05-02T22:30:16,2,GPSRCS-20veh-fast,100.0,2,OK,results\GPSRCS-20veh-fast-e100-rep2-#0.sca
2026-05-02T22:30:50,2,GPSRCS-40veh-fast,100.0,2,OK,results\GPSRCS-40veh-fast-e100-rep2-#0.sca
2026-05-02T22:31:51,2,GPSRCS-60veh-fast,100.0,2,OK,results\GPSRCS-60veh-fast-e100-rep2-#0.sca
2026-05-02T22:33:35,2,GPSRCS-80veh-fast,100.0,2,OK,results\GPSRCS-80veh-fast-e100-rep2-#0.sca
2026-05-02T22:36:30,2,GPSRCS-100veh-fast,100.0,2,OK,results\GPSRCS-100veh-fast-e100-rep2-#0.sca
2026-05-02T22:37:10,2,UFRPLS-20veh-a05-fast,100.0,2,OK,results\UFRPLS-20veh-a05-fast-e100-rep2-#0.sca
2026-05-02T22:38:26,2,UFRPLS-40veh-a05-fast,100.0,2,OK,results\UFRPLS-40veh-a05-fast-e100-rep2-#0.sca
2026-05-02T22:40:32,2,UFRPLS-60veh-a05-fast,100.0,2,OK,results\UFRPLS-60veh-a05-fast-e100-rep2-#0.sca
2026-05-02T22:43:55,2,UFRPLS-80veh-a05-fast,100.0,2,OK,results\UFRPLS-80veh-a05-fast-e100-rep2-#0.sca
2026-05-02T22:48:11,2,UFRPLS-100veh-a05-fast,100.0,2,OK,results\UFRPLS-100veh-a05-fast-e100-rep2-#0.sca
2026-05-02T22:48:46,2,UFRPLS-20veh-a03-fast,100.0,2,OK,results\UFRPLS-20veh-a03-fast-e100-rep2-#0.sca
2026-05-02T22:49:56,2,UFRPLS-40veh-a03-fast,100.0,2,OK,results\UFRPLS-40veh-a03-fast-e100-rep2-#0.sca
2026-05-02T22:51:55,2,UFRPLS-60veh-a03-fast,100.0,2,OK,results\UFRPLS-60veh-a03-fast-e100-rep2-#0.sca
2026-05-02T22:55:05,2,UFRPLS-80veh-a03-fast,100.0,2,OK,results\UFRPLS-80veh-a03-fast-e100-rep2-#0.sca
2026-05-02T22:59:14,2,UFRPLS-100veh-a03-fast,100.0,2,OK,results\UFRPLS-100veh-a03-fast-e100-rep2-#0.sca
2026-05-02T22:59:55,2,UFRPLS-20veh-a07-fast,100.0,2,OK,results\UFRPLS-20veh-a07-fast-e100-rep2-#0.sca
2026-05-02T23:01:12,2,UFRPLS-40veh-a07-fast,100.0,2,OK,results\UFRPLS-40veh-a07-fast-e100-rep2-#0.sca
2026-05-02T23:03:17,2,UFRPLS-60veh-a07-fast,100.0,2,OK,results\UFRPLS-60veh-a07-fast-e100-rep2-#0.sca
2026-05-02T23:06:45,2,UFRPLS-80veh-a07-fast,100.0,2,OK,results\UFRPLS-80veh-a07-fast-e100-rep2-#0.sca
2026-05-02T23:10:58,2,UFRPLS-100veh-a07-fast,100.0,2,OK,results\UFRPLS-100veh-a07-fast-e100-rep2-#0.sca
2026-05-02T23:11:15,3,GPSRCS-20veh,300.0,3,OK,results\GPSRCS-20veh-e300-rep3-#0.sca
2026-05-02T23:11:48,3,GPSRCS-40veh,300.0,3,OK,results\GPSRCS-40veh-e300-rep3-#0.sca
2026-05-02T23:12:52,3,GPSRCS-60veh,300.0,3,OK,results\GPSRCS-60veh-e300-rep3-#0.sca
2026-05-02T23:14:37,3,GPSRCS-80veh,300.0,3,OK,results\GPSRCS-80veh-e300-rep3-#0.sca
2026-05-02T23:17:15,3,GPSRCS-100veh,300.0,3,OK,results\GPSRCS-100veh-e300-rep3-#0.sca
2026-05-02T23:17:59,3,UFRPLS-20veh-a05,300.0,3,OK,results\UFRPLS-20veh-a05-e300-rep3-#0.sca
2026-05-02T23:19:35,3,UFRPLS-40veh-a05,300.0,3,OK,results\UFRPLS-40veh-a05-e300-rep3-#0.sca
2026-05-02T23:22:10,3,UFRPLS-60veh-a05,300.0,3,OK,results\UFRPLS-60veh-a05-e300-rep3-#0.sca
2026-05-02T23:25:53,3,UFRPLS-80veh-a05,300.0,3,OK,results\UFRPLS-80veh-a05-e300-rep3-#0.sca
2026-05-02T23:31:09,3,UFRPLS-100veh-a05,300.0,3,OK,results\UFRPLS-100veh-a05-e300-rep3-#0.sca
2026-05-02T23:31:48,3,UFRPLS-20veh-a03,300.0,3,OK,results\UFRPLS-20veh-a03-e300-rep3-#0.sca
2026-05-02T23:33:20,3,UFRPLS-40veh-a03,300.0,3,OK,results\UFRPLS-40veh-a03-e300-rep3-#0.sca
2026-05-02T23:35:19,3,UFRPLS-60veh-a03,300.0,3,OK,results\UFRPLS-60veh-a03-e300-rep3-#0.sca
2026-05-02T23:38:57,3,UFRPLS-80veh-a03,300.0,3,OK,results\UFRPLS-80veh-a03-e300-rep3-#0.sca
2026-05-02T23:43:28,3,UFRPLS-100veh-a03,300.0,3,OK,results\UFRPLS-100veh-a03-e300-rep3-#0.sca
2026-05-02T23:44:18,3,UFRPLS-20veh-a07,300.0,3,OK,results\UFRPLS-20veh-a07-e300-rep3-#0.sca
2026-05-02T23:45:57,3,UFRPLS-40veh-a07,300.0,3,OK,results\UFRPLS-40veh-a07-e300-rep3-#0.sca
2026-05-02T23:48:37,3,UFRPLS-60veh-a07,300.0,3,OK,results\UFRPLS-60veh-a07-e300-rep3-#0.sca
2026-05-02T23:52:31,3,UFRPLS-80veh-a07,300.0,3,OK,results\UFRPLS-80veh-a07-e300-rep3-#0.sca
2026-05-02T23:58:00,3,UFRPLS-100veh-a07,300.0,3,OK,results\UFRPLS-100veh-a07-e300-rep3-#0.sca
2026-05-02T23:58:45,3,UFRPLS-20veh-a01,300.0,3,OK,results\UFRPLS-20veh-a01-e300-rep3-#0.sca
2026-05-03T00:00:08,3,UFRPLS-40veh-a01,300.0,3,OK,results\UFRPLS-40veh-a01-e300-rep3-#0.sca
2026-05-03T00:01:53,3,UFRPLS-60veh-a01,300.0,3,OK,results\UFRPLS-60veh-a01-e300-rep3-#0.sca
2026-05-03T00:04:46,3,UFRPLS-80veh-a01,300.0,3,OK,results\UFRPLS-80veh-a01-e300-rep3-#0.sca
2026-05-03T00:08:52,3,UFRPLS-100veh-a01,300.0,3,OK,results\UFRPLS-100veh-a01-e300-rep3-#0.sca
2026-05-03T00:09:39,3,UFRPLS-20veh-a09,300.0,3,OK,results\UFRPLS-20veh-a09-e300-rep3-#0.sca
2026-05-03T00:11:16,3,UFRPLS-40veh-a09,300.0,3,OK,results\UFRPLS-40veh-a09-e300-rep3-#0.sca
2026-05-03T00:13:54,3,UFRPLS-60veh-a09,300.0,3,OK,results\UFRPLS-60veh-a09-e300-rep3-#0.sca
2026-05-03T00:17:40,3,UFRPLS-80veh-a09,300.0,3,OK,results\UFRPLS-80veh-a09-e300-rep3-#0.sca
2026-05-03T00:22:50,3,UFRPLS-100veh-a09,300.0,3,OK,results\UFRPLS-100veh-a09-e300-rep3-#0.sca
2026-05-03T00:23:06,3,GPSRCS-20veh-fast,300.0,3,OK,results\GPSRCS-20veh-fast-e300-rep3-#0.sca
2026-05-03T00:23:41,3,GPSRCS-40veh-fast,300.0,3,OK,results\GPSRCS-40veh-fast-e300-rep3-#0.sca
2026-05-03T00:24:43,3,GPSRCS-60veh-fast,300.0,3,OK,results\GPSRCS-60veh-fast-e300-rep3-#0.sca
2026-05-03T00:26:19,3,GPSRCS-80veh-fast,300.0,3,OK,results\GPSRCS-80veh-fast-e300-rep3-#0.sca
2026-05-03T00:26:44,3,GPSRCS-100veh-fast,300.0,3,FAIL,results\GPSRCS-100veh-fast-e300-rep3-#0.sca
2026-05-03T00:27:34,3,UFRPLS-20veh-a05-fast,300.0,3,OK,results\UFRPLS-20veh-a05-fast-e300-rep3-#0.sca
2026-05-03T00:29:17,3,UFRPLS-40veh-a05-fast,300.0,3,OK,results\UFRPLS-40veh-a05-fast-e300-rep3-#0.sca
2026-05-03T00:31:38,3,UFRPLS-60veh-a05-fast,300.0,3,OK,results\UFRPLS-60veh-a05-fast-e300-rep3-#0.sca
2026-05-03T00:35:35,3,UFRPLS-80veh-a05-fast,300.0,3,OK,results\UFRPLS-80veh-a05-fast-e300-rep3-#0.sca
2026-05-03T00:36:17,3,UFRPLS-100veh-a05-fast,300.0,3,FAIL,results\UFRPLS-100veh-a05-fast-e300-rep3-#0.sca
2026-05-03T00:36:57,3,UFRPLS-20veh-a03-fast,300.0,3,OK,results\UFRPLS-20veh-a03-fast-e300-rep3-#0.sca
2026-05-03T00:38:23,3,UFRPLS-40veh-a03-fast,300.0,3,OK,results\UFRPLS-40veh-a03-fast-e300-rep3-#0.sca
2026-05-03T00:40:16,3,UFRPLS-60veh-a03-fast,300.0,3,OK,results\UFRPLS-60veh-a03-fast-e300-rep3-#0.sca
2026-05-03T00:43:04,3,UFRPLS-80veh-a03-fast,300.0,3,OK,results\UFRPLS-80veh-a03-fast-e300-rep3-#0.sca
2026-05-03T00:43:28,3,UFRPLS-100veh-a03-fast,300.0,3,FAIL,results\UFRPLS-100veh-a03-fast-e300-rep3-#0.sca
2026-05-03T00:44:19,3,UFRPLS-20veh-a07-fast,300.0,3,OK,results\UFRPLS-20veh-a07-fast-e300-rep3-#0.sca
2026-05-03T00:46:01,3,UFRPLS-40veh-a07-fast,300.0,3,OK,results\UFRPLS-40veh-a07-fast-e300-rep3-#0.sca
2026-05-03T00:48:12,3,UFRPLS-60veh-a07-fast,300.0,3,OK,results\UFRPLS-60veh-a07-fast-e300-rep3-#0.sca
2026-05-03T00:52:19,3,UFRPLS-80veh-a07-fast,300.0,3,OK,results\UFRPLS-80veh-a07-fast-e300-rep3-#0.sca
2026-05-03T00:52:43,3,UFRPLS-100veh-a07-fast,300.0,3,FAIL,results\UFRPLS-100veh-a07-fast-e300-rep3-#0.sca
2026-05-03T00:53:01,4,GPSRCS-20veh,700.0,4,OK,results\GPSRCS-20veh-e700-rep4-#0.sca
2026-05-03T00:53:33,4,GPSRCS-40veh,700.0,4,OK,results\GPSRCS-40veh-e700-rep4-#0.sca
2026-05-03T00:54:36,4,GPSRCS-60veh,700.0,4,OK,results\GPSRCS-60veh-e700-rep4-#0.sca
2026-05-03T00:56:16,4,GPSRCS-80veh,700.0,4,OK,results\GPSRCS-80veh-e700-rep4-#0.sca
2026-05-03T00:58:51,4,GPSRCS-100veh,700.0,4,OK,results\GPSRCS-100veh-e700-rep4-#0.sca
2026-05-03T00:59:36,4,UFRPLS-20veh-a05,700.0,4,OK,results\UFRPLS-20veh-a05-e700-rep4-#0.sca
2026-05-03T01:01:12,4,UFRPLS-40veh-a05,700.0,4,OK,results\UFRPLS-40veh-a05-e700-rep4-#0.sca
2026-05-03T01:03:53,4,UFRPLS-60veh-a05,700.0,4,OK,results\UFRPLS-60veh-a05-e700-rep4-#0.sca
2026-05-03T01:07:45,4,UFRPLS-80veh-a05,700.0,4,OK,results\UFRPLS-80veh-a05-e700-rep4-#0.sca
2026-05-03T01:13:14,4,UFRPLS-100veh-a05,700.0,4,OK,results\UFRPLS-100veh-a05-e700-rep4-#0.sca
2026-05-03T01:13:53,4,UFRPLS-20veh-a03,700.0,4,OK,results\UFRPLS-20veh-a03-e700-rep4-#0.sca
2026-05-03T01:15:24,4,UFRPLS-40veh-a03,700.0,4,OK,results\UFRPLS-40veh-a03-e700-rep4-#0.sca
2026-05-03T01:17:55,4,UFRPLS-60veh-a03,700.0,4,OK,results\UFRPLS-60veh-a03-e700-rep4-#0.sca
2026-05-03T01:21:29,4,UFRPLS-80veh-a03,700.0,4,OK,results\UFRPLS-80veh-a03-e700-rep4-#0.sca
2026-05-03T01:26:27,4,UFRPLS-100veh-a03,700.0,4,OK,results\UFRPLS-100veh-a03-e700-rep4-#0.sca
2026-05-03T01:27:14,4,UFRPLS-20veh-a07,700.0,4,OK,results\UFRPLS-20veh-a07-e700-rep4-#0.sca
2026-05-03T01:28:48,4,UFRPLS-40veh-a07,700.0,4,OK,results\UFRPLS-40veh-a07-e700-rep4-#0.sca
2026-05-03T01:31:30,4,UFRPLS-60veh-a07,700.0,4,OK,results\UFRPLS-60veh-a07-e700-rep4-#0.sca
2026-05-03T01:35:28,4,UFRPLS-80veh-a07,700.0,4,OK,results\UFRPLS-80veh-a07-e700-rep4-#0.sca
2026-05-03T01:40:51,4,UFRPLS-100veh-a07,700.0,4,OK,results\UFRPLS-100veh-a07-e700-rep4-#0.sca
2026-05-03T01:41:31,4,UFRPLS-20veh-a01,700.0,4,OK,results\UFRPLS-20veh-a01-e700-rep4-#0.sca
2026-05-03T01:42:49,4,UFRPLS-40veh-a01,700.0,4,OK,results\UFRPLS-40veh-a01-e700-rep4-#0.sca
2026-05-03T01:45:11,4,UFRPLS-60veh-a01,700.0,4,OK,results\UFRPLS-60veh-a01-e700-rep4-#0.sca
2026-05-03T01:48:40,4,UFRPLS-80veh-a01,700.0,4,OK,results\UFRPLS-80veh-a01-e700-rep4-#0.sca
2026-05-03T01:53:29,4,UFRPLS-100veh-a01,700.0,4,OK,results\UFRPLS-100veh-a01-e700-rep4-#0.sca
2026-05-03T01:54:17,4,UFRPLS-20veh-a09,700.0,4,OK,results\UFRPLS-20veh-a09-e700-rep4-#0.sca
2026-05-03T01:55:51,4,UFRPLS-40veh-a09,700.0,4,OK,results\UFRPLS-40veh-a09-e700-rep4-#0.sca
2026-05-03T01:58:28,4,UFRPLS-60veh-a09,700.0,4,OK,results\UFRPLS-60veh-a09-e700-rep4-#0.sca
2026-05-03T02:02:12,4,UFRPLS-80veh-a09,700.0,4,OK,results\UFRPLS-80veh-a09-e700-rep4-#0.sca
2026-05-03T02:07:33,4,UFRPLS-100veh-a09,700.0,4,OK,results\UFRPLS-100veh-a09-e700-rep4-#0.sca
2026-05-03T02:07:50,4,GPSRCS-20veh-fast,700.0,4,OK,results\GPSRCS-20veh-fast-e700-rep4-#0.sca
2026-05-03T02:08:25,4,GPSRCS-40veh-fast,700.0,4,OK,results\GPSRCS-40veh-fast-e700-rep4-#0.sca
2026-05-03T02:09:27,4,GPSRCS-60veh-fast,700.0,4,OK,results\GPSRCS-60veh-fast-e700-rep4-#0.sca
2026-05-03T02:11:08,4,GPSRCS-80veh-fast,700.0,4,OK,results\GPSRCS-80veh-fast-e700-rep4-#0.sca
2026-05-03T02:11:34,4,GPSRCS-100veh-fast,700.0,4,FAIL,results\GPSRCS-100veh-fast-e700-rep4-#0.sca
2026-05-03T02:12:21,4,UFRPLS-20veh-a05-fast,700.0,4,OK,results\UFRPLS-20veh-a05-fast-e700-rep4-#0.sca
2026-05-03T02:13:51,4,UFRPLS-40veh-a05-fast,700.0,4,OK,results\UFRPLS-40veh-a05-fast-e700-rep4-#0.sca
2026-05-03T02:16:24,4,UFRPLS-60veh-a05-fast,700.0,4,OK,results\UFRPLS-60veh-a05-fast-e700-rep4-#0.sca
2026-05-03T02:20:13,4,UFRPLS-80veh-a05-fast,700.0,4,OK,results\UFRPLS-80veh-a05-fast-e700-rep4-#0.sca
2026-05-03T02:20:38,4,UFRPLS-100veh-a05-fast,700.0,4,FAIL,results\UFRPLS-100veh-a05-fast-e700-rep4-#0.sca
2026-05-03T02:21:22,4,UFRPLS-20veh-a03-fast,700.0,4,OK,results\UFRPLS-20veh-a03-fast-e700-rep4-#0.sca
2026-05-03T02:22:43,4,UFRPLS-40veh-a03-fast,700.0,4,OK,results\UFRPLS-40veh-a03-fast-e700-rep4-#0.sca
2026-05-03T02:25:00,4,UFRPLS-60veh-a03-fast,700.0,4,OK,results\UFRPLS-60veh-a03-fast-e700-rep4-#0.sca
2026-05-03T02:28:21,4,UFRPLS-80veh-a03-fast,700.0,4,OK,results\UFRPLS-80veh-a03-fast-e700-rep4-#0.sca
2026-05-03T02:28:45,4,UFRPLS-100veh-a03-fast,700.0,4,FAIL,results\UFRPLS-100veh-a03-fast-e700-rep4-#0.sca
2026-05-03T02:29:38,4,UFRPLS-20veh-a07-fast,700.0,4,OK,results\UFRPLS-20veh-a07-fast-e700-rep4-#0.sca
2026-05-03T02:31:14,4,UFRPLS-40veh-a07-fast,700.0,4,OK,results\UFRPLS-40veh-a07-fast-e700-rep4-#0.sca
2026-05-03T02:34:00,4,UFRPLS-60veh-a07-fast,700.0,4,OK,results\UFRPLS-60veh-a07-fast-e700-rep4-#0.sca
2026-05-03T02:38:05,4,UFRPLS-80veh-a07-fast,700.0,4,OK,results\UFRPLS-80veh-a07-fast-e700-rep4-#0.sca
2026-05-03T02:38:31,4,UFRPLS-100veh-a07-fast,700.0,4,FAIL,results\UFRPLS-100veh-a07-fast-e700-rep4-#0.sca
2026-05-03T02:38:49,5,GPSRCS-20veh,900.0,5,OK,results\GPSRCS-20veh-e900-rep5-#0.sca
2026-05-03T02:39:22,5,GPSRCS-40veh,900.0,5,OK,results\GPSRCS-40veh-e900-rep5-#0.sca
2026-05-03T02:40:26,5,GPSRCS-60veh,900.0,5,OK,results\GPSRCS-60veh-e900-rep5-#0.sca
2026-05-03T02:42:10,5,GPSRCS-80veh,900.0,5,OK,results\GPSRCS-80veh-e900-rep5-#0.sca
2026-05-03T02:44:46,5,GPSRCS-100veh,900.0,5,OK,results\GPSRCS-100veh-e900-rep5-#0.sca
2026-05-03T02:45:32,5,UFRPLS-20veh-a05,900.0,5,OK,results\UFRPLS-20veh-a05-e900-rep5-#0.sca
2026-05-03T02:47:10,5,UFRPLS-40veh-a05,900.0,5,OK,results\UFRPLS-40veh-a05-e900-rep5-#0.sca
2026-05-03T02:49:44,5,UFRPLS-60veh-a05,900.0,5,OK,results\UFRPLS-60veh-a05-e900-rep5-#0.sca
2026-05-03T02:53:36,5,UFRPLS-80veh-a05,900.0,5,OK,results\UFRPLS-80veh-a05-e900-rep5-#0.sca
2026-05-03T02:59:11,5,UFRPLS-100veh-a05,900.0,5,OK,results\UFRPLS-100veh-a05-e900-rep5-#0.sca
2026-05-03T02:59:52,5,UFRPLS-20veh-a03,900.0,5,OK,results\UFRPLS-20veh-a03-e900-rep5-#0.sca
2026-05-03T03:01:26,5,UFRPLS-40veh-a03,900.0,5,OK,results\UFRPLS-40veh-a03-e900-rep5-#0.sca
2026-05-03T03:03:44,5,UFRPLS-60veh-a03,900.0,5,OK,results\UFRPLS-60veh-a03-e900-rep5-#0.sca
2026-05-03T03:07:25,5,UFRPLS-80veh-a03,900.0,5,OK,results\UFRPLS-80veh-a03-e900-rep5-#0.sca
2026-05-03T03:12:47,5,UFRPLS-100veh-a03,900.0,5,OK,results\UFRPLS-100veh-a03-e900-rep5-#0.sca
2026-05-03T03:13:34,5,UFRPLS-20veh-a07,900.0,5,OK,results\UFRPLS-20veh-a07-e900-rep5-#0.sca
2026-05-03T03:15:13,5,UFRPLS-40veh-a07,900.0,5,OK,results\UFRPLS-40veh-a07-e900-rep5-#0.sca
2026-05-03T03:17:54,5,UFRPLS-60veh-a07,900.0,5,OK,results\UFRPLS-60veh-a07-e900-rep5-#0.sca
2026-05-03T03:21:49,5,UFRPLS-80veh-a07,900.0,5,OK,results\UFRPLS-80veh-a07-e900-rep5-#0.sca
2026-05-03T03:27:21,5,UFRPLS-100veh-a07,900.0,5,OK,results\UFRPLS-100veh-a07-e900-rep5-#0.sca
2026-05-03T03:28:03,5,UFRPLS-20veh-a01,900.0,5,OK,results\UFRPLS-20veh-a01-e900-rep5-#0.sca
2026-05-03T03:29:34,5,UFRPLS-40veh-a01,900.0,5,OK,results\UFRPLS-40veh-a01-e900-rep5-#0.sca
2026-05-03T03:31:52,5,UFRPLS-60veh-a01,900.0,5,OK,results\UFRPLS-60veh-a01-e900-rep5-#0.sca
2026-05-03T03:35:27,5,UFRPLS-80veh-a01,900.0,5,OK,results\UFRPLS-80veh-a01-e900-rep5-#0.sca
2026-05-03T03:40:35,5,UFRPLS-100veh-a01,900.0,5,OK,results\UFRPLS-100veh-a01-e900-rep5-#0.sca
2026-05-03T03:41:39,5,UFRPLS-20veh-a09,900.0,5,OK,results\UFRPLS-20veh-a09-e900-rep5-#0.sca
2026-05-03T03:43:15,5,UFRPLS-40veh-a09,900.0,5,OK,results\UFRPLS-40veh-a09-e900-rep5-#0.sca
2026-05-03T03:45:48,5,UFRPLS-60veh-a09,900.0,5,OK,results\UFRPLS-60veh-a09-e900-rep5-#0.sca
2026-05-03T03:49:32,5,UFRPLS-80veh-a09,900.0,5,OK,results\UFRPLS-80veh-a09-e900-rep5-#0.sca
2026-05-03T03:54:50,5,UFRPLS-100veh-a09,900.0,5,OK,results\UFRPLS-100veh-a09-e900-rep5-#0.sca
2026-05-03T03:55:07,5,GPSRCS-20veh-fast,900.0,5,OK,results\GPSRCS-20veh-fast-e900-rep5-#0.sca
2026-05-03T03:55:10,5,GPSRCS-40veh-fast,900.0,5,FAIL,results\GPSRCS-40veh-fast-e900-rep5-#0.sca
2026-05-03T03:56:15,5,GPSRCS-60veh-fast,900.0,5,OK,results\GPSRCS-60veh-fast-e900-rep5-#0.sca
2026-05-03T03:58:04,5,GPSRCS-80veh-fast,900.0,5,OK,results\GPSRCS-80veh-fast-e900-rep5-#0.sca
2026-05-03T03:58:31,5,GPSRCS-100veh-fast,900.0,5,FAIL,results\GPSRCS-100veh-fast-e900-rep5-#0.sca
2026-05-03T03:59:18,5,UFRPLS-20veh-a05-fast,900.0,5,OK,results\UFRPLS-20veh-a05-fast-e900-rep5-#0.sca
2026-05-03T03:59:21,5,UFRPLS-40veh-a05-fast,900.0,5,FAIL,results\UFRPLS-40veh-a05-fast-e900-rep5-#0.sca
2026-05-03T04:01:50,5,UFRPLS-60veh-a05-fast,900.0,5,OK,results\UFRPLS-60veh-a05-fast-e900-rep5-#0.sca
2026-05-03T04:05:36,5,UFRPLS-80veh-a05-fast,900.0,5,OK,results\UFRPLS-80veh-a05-fast-e900-rep5-#0.sca
2026-05-03T04:06:02,5,UFRPLS-100veh-a05-fast,900.0,5,FAIL,results\UFRPLS-100veh-a05-fast-e900-rep5-#0.sca
2026-05-03T04:06:47,5,UFRPLS-20veh-a03-fast,900.0,5,OK,results\UFRPLS-20veh-a03-fast-e900-rep5-#0.sca
2026-05-03T04:06:51,5,UFRPLS-40veh-a03-fast,900.0,5,FAIL,results\UFRPLS-40veh-a03-fast-e900-rep5-#0.sca
2026-05-03T04:09:14,5,UFRPLS-60veh-a03-fast,900.0,5,OK,results\UFRPLS-60veh-a03-fast-e900-rep5-#0.sca
2026-05-03T04:12:42,5,UFRPLS-80veh-a03-fast,900.0,5,OK,results\UFRPLS-80veh-a03-fast-e900-rep5-#0.sca
2026-05-03T04:13:07,5,UFRPLS-100veh-a03-fast,900.0,5,FAIL,results\UFRPLS-100veh-a03-fast-e900-rep5-#0.sca
2026-05-03T04:13:58,5,UFRPLS-20veh-a07-fast,900.0,5,OK,results\UFRPLS-20veh-a07-fast-e900-rep5-#0.sca
2026-05-03T04:14:01,5,UFRPLS-40veh-a07-fast,900.0,5,FAIL,results\UFRPLS-40veh-a07-fast-e900-rep5-#0.sca
2026-05-03T04:16:41,5,UFRPLS-60veh-a07-fast,900.0,5,OK,results\UFRPLS-60veh-a07-fast-e900-rep5-#0.sca
2026-05-03T04:20:42,5,UFRPLS-80veh-a07-fast,900.0,5,OK,results\UFRPLS-80veh-a07-fast-e900-rep5-#0.sca
2026-05-03T04:21:08,5,UFRPLS-100veh-a07-fast,900.0,5,FAIL,results\UFRPLS-100veh-a07-fast-e900-rep5-#0.sca
2026-05-03T07:17:56,5,GPSRCS-40veh-fast,900.0,5,FAIL,results\GPSRCS-40veh-fast-e900-rep5-#0.sca
2026-05-03T07:18:24,5,GPSRCS-100veh-fast,900.0,5,FAIL,results\GPSRCS-100veh-fast-e900-rep5-#0.sca
2026-05-03T07:19:58,5,UFRPLS-40veh-a05-fast,900.0,5,OK,results\UFRPLS-40veh-a05-fast-e900-rep5-#0.sca
2026-05-03T07:25:57,5,UFRPLS-100veh-a05-fast,900.0,5,OK,results\UFRPLS-100veh-a05-fast-e900-rep5-#0.sca
2026-05-03T07:27:21,5,UFRPLS-40veh-a03-fast,900.0,5,OK,results\UFRPLS-40veh-a03-fast-e900-rep5-#0.sca
2026-05-03T07:32:50,5,UFRPLS-100veh-a03-fast,900.0,5,OK,results\UFRPLS-100veh-a03-fast-e900-rep5-#0.sca
2026-05-03T07:34:28,5,UFRPLS-40veh-a07-fast,900.0,5,OK,results\UFRPLS-40veh-a07-fast-e900-rep5-#0.sca
2026-05-03T07:40:41,5,UFRPLS-100veh-a07-fast,900.0,5,OK,results\UFRPLS-100veh-a07-fast-e900-rep5-#0.sca
2026-05-03T07:43:44,5,GPSRCS-40veh-fast,900.0,5,OK,results\GPSRCS-40veh-fast-e900-rep5-#0.sca
2026-05-03T07:46:56,5,GPSRCS-100veh-fast,900.0,5,OK,results\GPSRCS-100veh-fast-e900-rep5-#0.sca
2026-05-03T07:52:38,4,GPSRCS-100veh-fast,700.0,4,FAIL,results\GPSRCS-100veh-fast-e700-rep4-#0.sca
2026-05-03T07:53:19,4,UFRPLS-100veh-a05-fast,700.0,4,FAIL,results\UFRPLS-100veh-a05-fast-e700-rep4-#0.sca
2026-05-03T07:54:00,4,UFRPLS-100veh-a03-fast,700.0,4,FAIL,results\UFRPLS-100veh-a03-fast-e700-rep4-#0.sca
2026-05-03T07:54:41,4,UFRPLS-100veh-a07-fast,700.0,4,FAIL,results\UFRPLS-100veh-a07-fast-e700-rep4-#0.sca
2026-05-03T08:09:44,4,GPSRCS-100veh-fast,700.0,4,OK,results\GPSRCS-100veh-fast-e700-rep4-#0.sca
2026-05-03T08:15:54,4,UFRPLS-100veh-a05-fast,700.0,4,OK,results\UFRPLS-100veh-a05-fast-e700-rep4-#0.sca
2026-05-03T08:21:52,4,UFRPLS-100veh-a03-fast,700.0,4,OK,results\UFRPLS-100veh-a03-fast-e700-rep4-#0.sca
2026-05-03T08:28:50,4,UFRPLS-100veh-a07-fast,700.0,4,OK,results\UFRPLS-100veh-a07-fast-e700-rep4-#0.sca
2026-05-03T08:34:09,3,GPSRCS-100veh-fast,300.0,3,OK,results\GPSRCS-100veh-fast-e300-rep3-#0.sca
2026-05-03T08:40:48,3,UFRPLS-100veh-a05-fast,300.0,3,OK,results\UFRPLS-100veh-a05-fast-e300-rep3-#0.sca
2026-05-03T08:46:37,3,UFRPLS-100veh-a03-fast,300.0,3,OK,results\UFRPLS-100veh-a03-fast-e300-rep3-#0.sca
2026-05-03T08:53:09,3,UFRPLS-100veh-a07-fast,300.0,3,OK,results\UFRPLS-100veh-a07-fast-e300-rep3-#0.sca
