protocol,n,alpha,speed,avg_min_cs_mean,avg_min_cs_std,avg_min_cs_stddev_mean,avg_min_cs_stddev_std,avg_min_cs_min_mean,avg_min_cs_max_mean,avg_min_cs_count_mean,avg_cs_mean,avg_cs_std,avg_cs_stddev_mean,avg_cs_stddev_std,avg_cs_min_mean,avg_cs_max_mean,avg_cs_count_mean,delay_mean_s,delay_std_s,hops_mean,hops_std,secure_ratio_mean,secure_ratio_std,pdr_mean,pdr_std,pkt_recv_mean,count,cs_pos_max_val,cs_pos_max_tag,cs_pos_min_val,cs_pos_min_tag,delay_pos_max_val,delay_pos_max_tag,delay_pos_min_val,delay_pos_min_tag,pdr_pos_max_val,pdr_pos_max_tag,pdr_pos_min_val,pdr_pos_min_tag
GPSRCS,20,-1.0,fast,1.6680847910645,,2.1882730613465,,0.0,9.1609482775204,838.0,4.1966188618848,,2.9919207947842,,0.0,15.730792316848,1211.0,0.001470796216673,,1211.0,,0.89017341040462,,0.838,,838.0,1,1.6680847910645,e700,1.6680847910645,e700,0.001470796216673,e700,0.001470796216673,e700,0.838,e700,0.838,e700
GPSRCS,20,-1.0,slow,1.2000707860134,,2.0070986546554,,0.0,8.9351492969965,940.0,2.6877592846023,,1.8419679636701,,0.0,8.9351492969965,1075.0,0.0012616827935904,,1075.0,,0.86697674418605,,0.94,,940.0,1,1.2000707860134,e700,1.2000707860134,e700,0.0012616827935904,e700,0.0012616827935904,e700,0.94,e700,0.94,e700
GPSRCS,40,-1.0,fast,1.4403599033903,,2.1551246193375,,0.0,9.6682118581006,881.0,2.9219490931089,,1.9114608574052,,0.0,9.6682118581006,1000.0,0.0069028111261317,,1000.0,,0.862,,0.881,,881.0,1,1.4403599033903,e700,1.4403599033903,e700,0.0069028111261317,e700,0.0069028111261317,e700,0.881,e700,0.881,e700
GPSRCS,40,-1.0,slow,1.2493405767409,,1.5916185437096,,0.0,7.9061606467772,982.0,2.8606539806975,,1.5783049790824,,0.0,7.9061606467772,1000.0,0.0010985744988666,,1000.0,,0.872,,0.982,,982.0,1,1.2493405767409,e700,1.2493405767409,e700,0.0010985744988666,e700,0.0010985744988666,e700,0.982,e700,0.982,e700
GPSRCS,60,-1.0,fast,3.7126547542705,,3.1424321594622,,0.0,12.627317518276,953.0,4.069154580504,,2.7965367389737,,0.0,12.627317518276,1000.0,0.00053386862673347,,1000.0,,0.914,,0.953,,953.0,1,3.7126547542705,e700,3.7126547542705,e700,0.00053386862673347,e700,0.00053386862673347,e700,0.953,e700,0.953,e700
GPSRCS,60,-1.0,slow,1.0844117340727,,1.6314443018881,,0.0,7.8511266166909,947.0,2.7454482678655,,1.5299761223779,,0.0,7.8511266166909,1000.0,0.0034816182695998,,1000.0,,0.862,,0.947,,947.0,1,1.0844117340727,e700,1.0844117340727,e700,0.0034816182695998,e700,0.0034816182695998,e700,0.947,e700,0.947,e700
GPSRCS,80,-1.0,fast,2.7552200585768,,2.3008357425447,,0.0,11.551730531514,953.0,2.8886405911817,,2.168181529217,,0.0,11.551730531514,1000.0,0.0033706118374533,,1000.0,,0.842,,0.953,,953.0,1,2.7552200585768,e700,2.7552200585768,e700,0.0033706118374533,e700,0.0033706118374533,e700,0.953,e700,0.953,e700
GPSRCS,80,-1.0,slow,1.2083955298199,,1.414088576956,,0.0,7.6224647113505,958.0,2.5709163122608,,1.4492910405701,,0.0,7.6224647113505,1000.0,0.0040293566990428,,1000.0,,0.883,,0.958,,958.0,1,1.2083955298199,e700,1.2083955298199,e700,0.0040293566990428,e700,0.0040293566990428,e700,0.958,e700,0.958,e700
GPSRCS,100,-1.0,fast,0.56887002469467,,0.90209658480287,,0.0,6.1932725648388,853.0,2.5583073677408,,1.3034170217971,,0.0,6.1932725648388,1000.0,0.0020293599691735,,1000.0,,0.902,,0.853,,853.0,1,0.56887002469467,e700,0.56887002469467,e700,0.0020293599691735,e700,0.0020293599691735,e700,0.853,e700,0.853,e700
GPSRCS,100,-1.0,slow,1.079633736566,,1.7924687714133,,0.0,8.0815186707753,961.0,2.310505971568,,1.6188394383808,,0.0,8.0815186707753,1000.0,0.013708626348505,,1000.0,,0.828,,0.961,,961.0,1,1.079633736566,e700,1.079633736566,e700,0.013708626348505,e700,0.013708626348505,e700,0.961,e700,0.961,e700
UFRPLS,20,0.1,slow,1.1957130868076,,0.8784629538344,,0.1572100033461,3.0076289922514,57.0,2.3940764952695,,0.65892790668041,,0.050063008964344,5.2697334869717,6772.0,0.00094845895503509,,6772.0,,1.0,,0.057,,57.0,1,1.1957130868076,e700,1.1957130868076,e700,0.00094845895503509,e700,0.00094845895503509,e700,0.057,e700,0.057,e700
UFRPLS,20,0.3,fast,2.3460452348766,,0.95261532107176,,0.15298694668085,3.7439624783181,71.0,3.1357573090591,,1.170250235129,,0.0057802422884379,7.4530436132549,4780.0,0.00082302323697183,,4780.0,,1.0,,0.071,,71.0,1,2.3460452348766,e700,2.3460452348766,e700,0.00082302323697183,e700,0.00082302323697183,e700,0.071,e700,0.071,e700
UFRPLS,20,0.3,slow,1.2241503905273,,0.62155353865497,,0.025920411647121,2.588439421406,82.0,2.2694861827205,,0.67271886729918,,0.16917864892796,5.4239754019975,3675.0,0.0011640261332073,,3675.0,,1.0,,0.082,,82.0,1,1.2241503905273,e700,1.2241503905273,e700,0.0011640261332073,e700,0.0011640261332073,e700,0.082,e700,0.082,e700
UFRPLS,20,0.5,fast,2.9930493107265,,0.56809501969777,,0.8212848675935,4.0255021954544,57.0,3.4279738673817,,0.89106196753716,,0.078544113885343,8.8750516123826,5081.0,0.0010762292707193,,5081.0,,1.0,,0.057,,57.0,1,2.9930493107265,e700,2.9930493107265,e700,0.0010762292707193,e700,0.0010762292707193,e700,0.057,e700,0.057,e700
UFRPLS,20,0.5,slow,2.6075689256584,,0.44758470261633,,0.73084985351371,3.2355666165485,93.0,2.8118260287544,,0.66998904220509,,0.10220901778861,5.393089941875,4064.0,0.0012669077535376,,4064.0,,1.0,,0.093,,93.0,1,2.6075689256584,e700,2.6075689256584,e700,0.0012669077535376,e700,0.0012669077535376,e700,0.093,e700,0.093,e700
UFRPLS,20,0.7,fast,6.3766711242647,,0.83919489657965,,4.0138226662184,7.8884383783551,59.0,6.4388200925227,,1.7141794242142,,0.1470389446767,11.338383137647,8438.0,0.00057815282384746,,8438.0,,1.0,,0.059,,59.0,1,6.3766711242647,e700,6.3766711242647,e700,0.00057815282384746,e700,0.00057815282384746,e700,0.059,e700,0.059,e700
UFRPLS,20,0.7,slow,6.7880665291167,,1.1639223639887,,4.791381668758,8.6663380924721,61.0,6.2113984227877,,1.6722163059531,,0.047388397077412,8.6686666690522,8789.0,0.00032980536901639,,8789.0,,1.0,,0.061,,61.0,1,6.7880665291167,e700,6.7880665291167,e700,0.00032980536901639,e700,0.00032980536901639,e700,0.061,e700,0.061,e700
UFRPLS,20,0.9,slow,6.8505995121813,,1.0507605235331,,4.9097253986867,8.4669579431512,46.0,7.107331245951,,2.3936484274651,,0.024890121680194,14.052820687928,9743.0,0.00033758831513043,,9743.0,,1.0,,0.046,,46.0,1,6.8505995121813,e700,6.8505995121813,e700,0.00033758831513043,e700,0.00033758831513043,e700,0.046,e700,0.046,e700
UFRPLS,40,0.1,slow,1.2207893821214,,1.1181385997805,,0.082215028903619,3.4554826842662,57.0,2.7215012343948,,1.0654602215864,,0.029239991453245,4.9079762043194,4190.0,0.0012512312859825,,4190.0,,1.0,,0.057,,57.0,1,1.2207893821214,e700,1.2207893821214,e700,0.0012512312859825,e700,0.0012512312859825,e700,0.057,e700,0.057,e700
UFRPLS,40,0.3,fast,1.574581684769,,0.76938591583582,,0.63055208245395,3.2903423136656,30.0,2.8309843043239,,0.99337994244565,,0.047530551826902,9.0316654959088,3292.0,0.0016658461343333,,3292.0,,1.0,,0.03,,30.0,1,1.574581684769,e700,1.574581684769,e700,0.0016658461343333,e700,0.0016658461343333,e700,0.03,e700,0.03,e700
UFRPLS,40,0.3,slow,1.3866338709907,,0.7017734458198,,0.22203234813926,3.2712612366531,68.0,2.7673802927762,,0.96421994083601,,0.22195023581071,5.0818018230201,4255.0,0.0015054639594265,,4255.0,,1.0,,0.068,,68.0,1,1.3866338709907,e700,1.3866338709907,e700,0.0015054639594265,e700,0.0015054639594265,e700,0.068,e700,0.068,e700
UFRPLS,40,0.5,fast,2.8004548375177,,0.2947274231822,,1.2616964272,3.2434616801875,51.0,3.1344344482594,,0.65163659722743,,0.028539257003573,8.8990761206498,3403.0,0.0017849374862745,,3403.0,,1.0,,0.051,,51.0,1,2.8004548375177,e700,2.8004548375177,e700,0.0017849374862745,e700,0.0017849374862745,e700,0.051,e700,0.051,e700
UFRPLS,40,0.5,slow,2.6677719975231,,0.37195510427247,,0.78857392997128,3.4909533820727,90.0,3.1002494242485,,0.60652889338766,,0.14969669782602,5.2447928283418,4012.0,0.0023428296160556,,4012.0,,1.0,,0.09,,90.0,1,2.6677719975231,e700,2.6677719975231,e700,0.0023428296160556,e700,0.0023428296160556,e700,0.09,e700,0.09,e700
UFRPLS,40,0.7,fast,6.3001567180487,,0.56391329966515,,4.8841259728732,7.8025826429986,37.0,6.3766887114275,,1.100746658164,,0.10538779876108,9.6553038250567,6268.0,0.0011084632483514,,6268.0,,1.0,,0.037,,37.0,1,6.3001567180487,e700,6.3001567180487,e700,0.0011084632483514,e700,0.0011084632483514,e700,0.037,e700,0.037,e700
UFRPLS,40,0.7,slow,5.5006250254626,,1.5950907558304,,0.15580469455439,7.937270776324,46.0,6.2861929959074,,1.3329387220666,,0.0092680196846402,9.1349921674355,6751.0,0.00091815352604348,,6751.0,,1.0,,0.046,,46.0,1,5.5006250254626,e700,5.5006250254626,e700,0.00091815352604348,e700,0.00091815352604348,e700,0.046,e700,0.046,e700
UFRPLS,40,0.9,slow,5.7295127575081,,1.7192443983881,,0.65543205774874,8.0927339491725,43.0,8.1277482220009,,2.406414222998,,0.017277618451921,14.945108911968,8197.0,0.00068322967802326,,8197.0,,1.0,,0.043,,43.0,1,5.7295127575081,e700,5.7295127575081,e700,0.00068322967802326,e700,0.00068322967802326,e700,0.043,e700,0.043,e700
UFRPLS,60,0.1,slow,0.81881681489101,,0.92732531426426,,0.16259870606104,3.2016364888812,38.0,2.8043336922286,,1.0708348749339,,0.044724750312497,4.8272150688213,3577.0,0.0015713982390789,,3577.0,,1.0,,0.038,,38.0,1,0.81881681489101,e700,0.81881681489101,e700,0.0015713982390789,e700,0.0015713982390789,e700,0.038,e700,0.038,e700
UFRPLS,60,0.3,fast,1.5167122211864,,0.86060677377611,,0.11273382215324,3.7894902281442,124.0,2.5796824878995,,0.89624902453516,,0.12328410432593,5.6172520323752,2778.0,0.0018547231261048,,2778.0,,1.0,,0.124,,124.0,1,1.5167122211864,e700,1.5167122211864,e700,0.0018547231261048,e700,0.0018547231261048,e700,0.124,e700,0.124,e700
UFRPLS,60,0.3,slow,1.6914535636328,,0.75777254763621,,0.85906584580167,3.115441593814,28.0,2.8138940546708,,0.99847762210603,,0.15756033744147,4.9670570251928,3687.0,0.0019668044521786,,3687.0,,1.0,,0.028,,28.0,1,1.6914535636328,e700,1.6914535636328,e700,0.0019668044521786,e700,0.0019668044521786,e700,0.028,e700,0.028,e700
UFRPLS,60,0.5,fast,2.62401475063,,0.57056766048178,,0.070678073208981,3.7979124744511,145.0,3.0320130198077,,0.64818648706213,,0.015513625890847,9.936551591264,2550.0,0.016289612651283,,2550.0,,1.0,,0.145,,145.0,1,2.62401475063,e700,2.62401475063,e700,0.016289612651283,e700,0.016289612651283,e700,0.145,e700,0.145,e700
UFRPLS,60,0.5,slow,2.5467911838405,,0.61927199662833,,0.25574631902182,3.7727765716048,58.0,3.1066243215538,,0.68592951827232,,0.06940151205896,5.6382815598925,3408.0,0.1065564228099,,3408.0,,1.0,,0.058,,58.0,1,2.5467911838405,e700,2.5467911838405,e700,0.1065564228099,e700,0.1065564228099,e700,0.058,e700,0.058,e700
UFRPLS,60,0.7,fast,6.2090182297638,,1.1182514357274,,0.32325884610363,7.6445021627304,136.0,6.5636802101286,,1.055707071691,,0.063714529947745,10.632782680103,4572.0,0.0015658616760735,,4572.0,,1.0,,0.136,,136.0,1,6.2090182297638,e700,6.2090182297638,e700,0.0015658616760735,e700,0.0015658616760735,e700,0.136,e700,0.136,e700
UFRPLS,60,0.7,slow,6.1991880574372,,0.94463985904405,,4.2192120678755,7.6320802685936,31.0,6.2872665360619,,1.3896274456092,,0.30948227212927,11.175438816687,6061.0,0.00072432811732258,,6061.0,,1.0,,0.031,,31.0,1,6.1991880574372,e700,6.1991880574372,e700,0.00072432811732258,e700,0.00072432811732258,e700,0.031,e700,0.031,e700
UFRPLS,60,0.9,slow,6.2032748153282,,1.1081680526925,,4.2087937788284,8.0384040396824,33.0,9.6414198736916,,3.0596599100875,,0.12108822893696,15.827824317489,8728.0,0.00068364729445455,,8728.0,,1.0,,0.033,,33.0,1,6.2032748153282,e700,6.2032748153282,e700,0.00068364729445455,e700,0.00068364729445455,e700,0.033,e700,0.033,e700
UFRPLS,80,0.1,slow,0.54124408208612,,0.60965202484088,,0.08919957797238,3.1519161601373,101.0,2.5993831526618,,1.2195039628588,,0.046376558848905,4.3826309130486,3203.0,0.011776250126743,,3203.0,,1.0,,0.101,,101.0,1,0.54124408208612,e700,0.54124408208612,e700,0.011776250126743,e700,0.011776250126743,e700,0.101,e700,0.101,e700
UFRPLS,80,0.3,fast,1.9210340668568,,0.90865330195661,,0.34766108019925,3.7802733204574,52.0,2.6954535642852,,0.89367972369327,,0.54368975135133,4.2858449937093,2490.0,0.0021729649177885,,2490.0,,1.0,,0.052,,52.0,1,1.9210340668568,e700,1.9210340668568,e700,0.0021729649177885,e700,0.0021729649177885,e700,0.052,e700,0.052,e700
UFRPLS,80,0.3,slow,1.2122902052111,,0.48885259301076,,0.27180343995028,3.0949850379655,94.0,2.6595271214486,,1.0265468622826,,0.27180343995028,4.2275932584842,3055.0,0.0023628732511915,,3055.0,,1.0,,0.094,,94.0,1,1.2122902052111,e700,1.2122902052111,e700,0.0023628732511915,e700,0.0023628732511915,e700,0.094,e700,0.094,e700
UFRPLS,80,0.5,fast,2.941416446975,,0.28693936776095,,2.4366964091806,3.7522230577827,60.0,3.054875027892,,0.51421054173376,,0.23999869921521,6.2338981236302,2414.0,0.0016741046095333,,2414.0,,1.0,,0.06,,60.0,1,2.941416446975,e700,2.941416446975,e700,0.0016741046095333,e700,0.0016741046095333,e700,0.06,e700,0.06,e700
UFRPLS,80,0.5,slow,2.5780315173759,,0.57509973232864,,0.015398426024589,3.3242823677269,93.0,3.0684657253006,,0.57617984255384,,0.015398426024589,4.175192042564,2608.0,0.0025170685041398,,2608.0,,1.0,,0.093,,93.0,1,2.5780315173759,e700,2.5780315173759,e700,0.0025170685041398,e700,0.0025170685041398,e700,0.093,e700,0.093,e700
UFRPLS,80,0.7,fast,6.5661400823605,,0.24385041344523,,6.1051389718585,7.2417152187498,44.0,6.6177693999315,,0.9063647246957,,0.18196056761482,10.259880476351,4103.0,0.0016752000157727,,4103.0,,1.0,,0.044,,44.0,1,6.5661400823605,e700,6.5661400823605,e700,0.0016752000157727,e700,0.0016752000157727,e700,0.044,e700,0.044,e700
UFRPLS,80,0.7,slow,5.5398688540039,,1.7198811980482,,0.91344447584143,7.1466051782964,23.0,6.3135674923182,,1.1356826314661,,0.097688114578467,8.3702032299131,5474.0,0.0010695655743043,,5474.0,,1.0,,0.023,,23.0,1,5.5398688540039,e700,5.5398688540039,e700,0.0010695655743043,e700,0.0010695655743043,e700,0.023,e700,0.023,e700
UFRPLS,80,0.9,slow,5.6205705544108,,1.9024652614133,,0.045261262854055,8.4504992071733,26.0,10.498601062989,,3.1703902247502,,0.045261262854055,15.541837851421,8122.0,0.0014303110424615,,8122.0,,1.0,,0.026,,26.0,1,5.6205705544108,e700,5.6205705544108,e700,0.0014303110424615,e700,0.0014303110424615,e700,0.026,e700,0.026,e700
UFRPLS,100,0.1,slow,0.99507851147392,,0.5893056693648,,0.30372308279462,1.7945654795166,8.0,2.304232599926,,1.010862161829,,0.04826687455855,4.5862077924724,2676.0,0.002048980131,,2676.0,,1.0,,0.008,,8.0,1,0.99507851147392,e700,0.99507851147392,e700,0.002048980131,e700,0.002048980131,e700,0.008,e700,0.008,e700
UFRPLS,100,0.3,fast,1.0915483944822,,0.24749537556233,,0.072156662339225,1.993226732178,71.0,2.6668322811099,,0.94717286882009,,0.41278039175307,4.5424291732184,2287.0,0.010556486838408,,2287.0,,1.0,,0.071,,71.0,1,1.0915483944822,e700,1.0915483944822,e700,0.010556486838408,e700,0.010556486838408,e700,0.071,e700,0.071,e700
UFRPLS,100,0.3,slow,1.3815163480505,,0.45937081941747,,0.73847041946438,2.698212249976,18.0,2.3615098104939,,0.84129684956391,,0.15568639402603,3.7490584168411,2657.0,0.099298560061833,,2657.0,,1.0,,0.018,,18.0,1,1.3815163480505,e700,1.3815163480505,e700,0.099298560061833,e700,0.099298560061833,e700,0.018,e700,0.018,e700
UFRPLS,100,0.5,fast,2.5199374656105,,0.65425641994649,,0.039974713700481,3.5338849827625,58.0,3.163762894753,,0.5079896325142,,0.58039722287945,6.722172497032,2175.0,0.038553127872741,,2175.0,,1.0,,0.058,,58.0,1,2.5199374656105,e700,2.5199374656105,e700,0.038553127872741,e700,0.038553127872741,e700,0.058,e700,0.058,e700
UFRPLS,100,0.5,slow,2.803456513785,,0.11227837184607,,2.4983671448134,2.9941359008676,45.0,2.9566289226123,,0.34927023327211,,0.21861612365874,4.80348673092,2338.0,0.002504007166,,2338.0,,1.0,,0.045,,45.0,1,2.803456513785,e700,2.803456513785,e700,0.002504007166,e700,0.002504007166,e700,0.045,e700,0.045,e700
UFRPLS,100,0.7,fast,3.3673596255894,,2.3182334626949,,0.016182460863895,6.6471468680415,11.0,6.4272332342714,,1.0552541317608,,0.7380149813189,9.1570541801811,3292.0,0.002136733905,,3292.0,,1.0,,0.011,,11.0,1,3.3673596255894,e700,3.3673596255894,e700,0.002136733905,e700,0.002136733905,e700,0.011,e700,0.011,e700
UFRPLS,100,0.7,slow,6.4224930702327,,0.52837166693055,,4.9169667956653,7.4022840572241,31.0,6.5965282166968,,0.71559107125526,,0.26587727108723,8.3417372659083,4047.0,0.0017658977090323,,4047.0,,1.0,,0.031,,31.0,1,6.4224930702327,e700,6.4224930702327,e700,0.0017658977090323,e700,0.0017658977090323,e700,0.031,e700,0.031,e700
UFRPLS,100,0.9,slow,7.2458901392034,,0.83834241861017,,6.2153918728302,8.4293993352933,10.0,10.287883853441,,2.4489794240442,,0.36843972028716,16.405408665431,4495.0,0.0014391814166,,4495.0,,1.0,,0.01,,10.0,1,7.2458901392034,e700,7.2458901392034,e700,0.0014391814166,e700,0.0014391814166,e700,0.01,e700,0.01,e700
