protocol,n,speed,alpha,pkt_sent,pkt_recv,pdr,delay_mean_ms,lifetime_mean_ms,lifetime_std_ms,lifetime_min_ms,lifetime_max_ms,lifetime_count,hop_count_avg,network_secure_ratio,secure_ratio_src,cs_mean,cs_std,cs_min,cs_max,cs_count,mcs_mean,mcs_std,mcs_min,mcs_max,mcs_count,link_broken_total,retry_limit_total,hop_limit_drops,no_route_drops
GPSRCS,20,fast,,1000.0,845.6,0.8455999999999999,1.4777322526226402,,,,,,1.238,0.8110879407649119,0.7787336900273519,3.207493610887166,2.6973278772021,0.0,13.6570993234876,1238.0,1.17139769587932,1.695138361071758,0.0,8.14040155162844,845.6,81.2,81.2,51.0,0.0
GPSRCS,20,slow,,1000.0,931.6,0.9316000000000001,1.47216343365456,,,,,,1.1141999999999999,0.7404431486440511,0.867895717118512,2.7212356534240603,1.87797340113584,0.0,8.88562205740878,1114.2,1.20703526384322,2.01397478998772,0.0,8.88562205740878,931.6,12.4,12.4,39.2,0.0
GPSRCS,40,fast,,1000.0,908.8,0.9088,2.8364535369197617,,,,,,1.0097999999999998,0.7282887662249524,0.6428061404244619,2.282783706011842,1.816792874557234,0.0,9.90833160060722,1009.8,1.6261842108324422,1.936058401792056,0.0,9.43390218504264,908.8,72.6,72.6,5.6,0.0
GPSRCS,40,slow,,1000.0,980.4,0.9804,2.3028576707722,,,,,,1.0,0.6604892282718128,0.706,1.93663500145923,1.313820415824432,0.0,7.171329746428659,1000.0,0.86242242543467,1.362314796743862,0.0,7.171329746428659,980.4,19.6,19.6,0.0,0.0
GPSRCS,60,fast,,1000.0,956.6,0.9565999999999999,1.56326040005389,,,,,,1.0,0.7283021391342017,0.6856,2.8372613260820536,2.43565704419688,0.0,11.81027333960604,1000.0,2.724786826378852,2.57033184231746,0.0,11.81027333960604,956.6,32.2,32.2,0.2,0.0
GPSRCS,60,slow,,1000.0,957.6,0.9576,6.568585562801539,,,,,,1.0,0.6953403019515215,0.6662,1.6988692652793713,1.233257549423238,0.0,6.0640659573588795,1000.0,0.684281099044284,1.1460720129520339,0.0,5.83410836063336,957.6,33.2,33.2,0.2,0.0
GPSRCS,80,fast,,1000.0,957.4,0.9574,1.651572747090578,,,,,,1.0,0.7755646006702517,0.7253999999999999,2.472323701914672,1.6552790678661542,0.0,9.2296879650634,1000.0,2.3912593480686137,1.7467833196107918,0.0,9.2296879650634,957.4,32.2,32.2,0.6,0.0
GPSRCS,80,slow,,1000.0,963.4,0.9634,6.78618098194018,,,,,,1.0,0.7131729177940167,0.5888,1.646722146267352,1.309400232301326,0.0,7.25341380467826,1000.0,0.8725483597204959,1.36705669405299,0.0,7.25341380467826,963.4,26.2,26.2,0.8,0.0
GPSRCS,100,fast,,1000.0,892.8,0.8928,3.7638372738326695,,,,,,1.0,0.735912720550054,0.6794,2.096225411003485,1.4674744354978961,0.0,7.69714838979956,1000.0,1.297078055535208,1.4791827342500379,0.0,7.69714838979956,892.8,69.2,69.2,1.2,0.0
GPSRCS,100,slow,,1000.0,965.4,0.9654,9.99071702465762,,,,,,1.0,0.6774495305045016,0.5906,1.5289597109938657,1.2644675314481781,0.0,6.61582935730078,1000.0,0.8022082389398617,1.347062636484898,0.0,6.61582935730078,965.4,20.6,20.6,1.2,0.0
UFRPLS,20,fast,0.3,1000.0,73.6,0.0736,0.964014086002248,,,,,,4.293,1.0,1.0,2.49411887384748,1.147075755761982,0.08596274307053497,7.59426645156732,4293.0,1.7547148970042,0.7390888909953259,0.2193381225104714,3.2897591955974397,73.6,50.6,50.6,667.2,389.4
UFRPLS,20,fast,0.5,1000.0,75.6,0.0756,0.8968482830345881,,,,,,5.1044,1.0,1.0,3.21252969976672,1.081920531818752,0.0482991015439056,8.66019306585614,5104.4,2.63550235854408,0.686607764943812,0.45987663143921165,4.30331546353794,75.6,36.8,36.8,763.2,213.6
UFRPLS,20,fast,0.7,1000.0,49.2,0.0492,0.591021563677066,,,,,,8.853200000000001,1.0,1.0,5.935652347993161,1.8369748335654001,0.08346433209612239,11.9577500908938,8853.2,5.60169718003098,1.19479789554889,2.936711933812754,7.788718061634401,49.2,0.0,0.0,875.2,132.2
UFRPLS,20,slow,0.1,1000.0,54.0,0.054000000000000006,1.132359103077798,,,,,,6.7872,1.0,1.0,2.3898961452161402,0.657196228461386,0.020838991965953037,5.56527119686664,6787.2,1.2064588891883399,0.851083286062156,0.11344035003297721,2.7477054585391003,54.0,6.0,6.0,652.8,535.6
UFRPLS,20,slow,0.3,1000.0,83.4,0.0834,1.098564738764968,,,,,,3.6851999999999996,1.0,1.0,2.24717444914172,0.690383883000098,0.0665448845755348,5.35773408853956,3685.2,1.3680760104243401,0.599522932750702,0.09560590084959739,2.72384219437218,83.4,4.6,4.6,613.4,561.6
UFRPLS,20,slow,0.5,1000.0,102.4,0.1024,1.2386577255501598,,,,,,4.1218,1.0,1.0,2.8283656101136,0.665981460826532,0.08417060507346939,5.45740720594182,4121.8,2.5798399259614,0.5007819989372739,0.4445304097637554,3.59262391921674,102.4,10.4,10.4,774.2,188.8
UFRPLS,20,slow,0.7,1000.0,62.6,0.0626,0.361343464463356,,,,,,8.859,1.0,1.0,6.22877827856764,1.68866038703414,0.047887154135918195,9.24061777020012,8859.0,6.68403733601348,1.1905904061466799,3.7840652639275603,8.59497329127684,62.6,0.0,0.0,879.2,86.4
UFRPLS,20,slow,0.9,1000.0,46.0,0.046,0.320693406481662,,,,,,9.777800000000001,1.0,1.0,7.10396127180142,2.4326625150064602,0.030283779599294403,14.1690546411144,9777.8,6.8386394791185,1.13940510237606,4.5427589685314995,8.608224159094181,46.0,0.0,0.0,896.8,84.2
UFRPLS,40,fast,0.3,1000.0,53.8,0.0538,1.38358010656112,,,,,,3.9304,1.0,1.0,2.30884613601978,0.987846949499108,0.11126802081392136,7.4594966359995,3930.4,1.565431076524894,0.72337485007744,0.39739330973000603,3.05536059887932,53.8,73.4,73.4,656.0,357.8
UFRPLS,40,fast,0.5,1000.0,63.2,0.06319999999999999,16.10848988780398,,,,,,4.3294,1.0,1.0,3.0835200679152,0.862408462688516,0.10514391197518642,7.4979915985083405,4329.4,2.65655159409848,0.558636125697214,1.0811603576187916,4.17226684738946,63.2,47.0,47.0,778.6,162.2
UFRPLS,40,fast,0.7,1000.0,59.0,0.059,0.9782336402246161,,,,,,6.7326,1.0,1.0,5.74224508380608,1.4367228725133798,0.0894925657773174,10.210611814087839,6732.6,5.64170162512344,1.000417000751192,2.93279348767271,7.356324934917259,59.0,0.0,0.0,856.0,123.2
UFRPLS,40,slow,0.1,1000.0,53.0,0.053000000000000005,1.45441468919934,,,,,,3.9176,1.0,1.0,1.9547047156070398,0.8613113459889661,0.024265725038340874,4.27766848637056,3917.6,0.8978462916711439,0.780005333733638,0.04515025031250687,2.6447417467006002,53.0,22.4,22.4,601.4,614.6
UFRPLS,40,slow,0.3,1000.0,57.8,0.057800000000000004,1.35583749354518,,,,,,3.8689999999999998,1.0,1.0,2.0899392558097,0.757884145920172,0.1339217661571028,4.33766740120924,3869.0,1.24915043766356,0.53233111782583,0.3289715018056948,2.64740597883912,57.8,20.4,20.4,692.2,426.8
UFRPLS,40,slow,0.5,1000.0,69.2,0.0692,4.701153658293004,,,,,,4.4841999999999995,1.0,1.0,2.95477199539602,0.736438905168834,0.12969293808208313,5.49832566827296,4484.2,2.53287099995394,0.551826770304766,0.832035142220442,3.47764437660602,69.2,15.8,15.8,813.8,166.6
UFRPLS,40,slow,0.7,1000.0,34.4,0.0344,0.8742985792083899,,,,,,7.723400000000001,1.0,1.0,5.5964652634867,1.3993922442639999,0.08757713337512084,8.86776210685036,7723.4,4.94571500823792,1.3225532282805599,1.5796192903963138,6.8906244647034,34.4,0.0,0.0,888.4,133.0
UFRPLS,40,slow,0.9,1000.0,34.4,0.0344,0.673810499819142,,,,,,8.1202,1.0,1.0,6.7865968641498196,2.16130205278906,0.14316071027419558,13.3173808841757,8120.2,5.010258408891461,1.6009366234318,1.121044976295996,7.500848758576299,34.4,0.0,0.0,888.2,132.0
UFRPLS,60,fast,0.3,1000.0,101.8,0.1018,11.841668932132718,,,,,,2.7418,1.0,1.0,2.03179884890368,0.8734832388828899,0.1450150792145974,5.61993484724858,2741.8,1.34060722780228,0.6342202872862079,0.15875147089527442,3.11727553004734,101.8,86.0,86.0,510.8,467.0
UFRPLS,60,fast,0.5,1000.0,136.8,0.13679999999999998,4.30779064604989,,,,,,3.3094,1.0,1.0,2.98404896774118,0.742116873016612,0.1082385161006646,6.966842820185519,3309.4,2.55857132646328,0.619684855714602,0.6358905321505688,4.47023850167598,136.8,59.6,59.6,634.2,234.6
UFRPLS,60,fast,0.7,1000.0,146.4,0.1464,1.2746556906631619,,,,,,5.2170000000000005,1.0,1.0,5.8833495595629,1.4338786991324581,0.2623718027133166,9.9826460295145,5217.0,5.31250994781732,1.435983885116294,0.345876933371135,7.68690348094416,146.4,0.0,0.0,731.6,179.8
UFRPLS,60,slow,0.1,1000.0,40.2,0.0402,3.7736989338393316,,,,,,3.1182000000000003,1.0,1.0,1.82766191071583,0.872741484689746,0.03673343497101484,4.85951131807966,3118.2,0.705428687605876,0.5661704695954001,0.0936521320621036,1.8801804045838337,40.2,35.6,35.6,523.0,686.4
UFRPLS,60,slow,0.3,1000.0,51.2,0.0512,1.58394372322964,,,,,,3.2055999999999996,1.0,1.0,2.10563991897962,0.799445245955108,0.09100602423394318,4.98248096952964,3205.6,1.273354241523968,0.45616001825392993,0.535731387582479,2.21853350057656,51.2,24.0,24.0,584.8,565.4
UFRPLS,60,slow,0.5,1000.0,53.0,0.053000000000000005,25.631120112842645,,,,,,3.3724000000000003,1.0,1.0,2.80661638333372,0.713957872448052,0.105018420993617,5.622792481872439,3372.4,2.21290110499058,0.563818122490976,0.45534335077517196,3.2853666267115402,53.0,20.0,20.0,739.8,272.0
UFRPLS,60,slow,0.7,1000.0,25.6,0.0256,0.729977576150142,,,,,,6.244999999999999,1.0,1.0,5.39170796992866,1.20435284397194,0.22445936355924068,9.79030589874146,6245.0,4.53332283726028,0.83302391460026,2.9231792026649637,6.01224142347148,25.6,0.0,0.0,823.8,207.8
UFRPLS,60,slow,0.9,1000.0,28.8,0.028800000000000003,0.80916828894819,,,,,,7.4298,1.0,1.0,7.58106947363586,2.4598234977670197,0.11736271793994255,13.234705273912699,7429.8,4.717101764532208,0.920559053030918,3.0354734668022494,6.15178363841156,28.8,0.0,0.0,821.2,207.2
UFRPLS,80,fast,0.3,1000.0,108.2,0.1082,6.123098226882459,,,,,,2.196,1.0,1.0,2.04107389147012,0.672583610507452,0.2450225780664686,4.779428386987201,2196.0,1.5319717414393001,0.571412850718558,0.31000807483403336,2.81534457043212,108.2,90.4,90.4,522.8,431.6
UFRPLS,80,fast,0.5,1000.0,96.0,0.096,6.02028452188964,,,,,,2.7232,1.0,1.0,2.96418342221706,0.5476260604369,0.39664569625550017,5.6752117112640805,2723.2,2.73267580491736,0.455334290037866,1.4878798564032798,3.6690646561822406,96.0,57.8,57.8,703.6,207.6
UFRPLS,80,fast,0.7,1000.0,68.2,0.0682,1.7126174730334198,,,,,,4.5206,1.0,1.0,6.22332998936778,1.203219190216676,0.1506819641095062,9.591105975516319,4520.6,5.158385358237259,0.8521227913532441,2.480837846994318,6.60247072392082,68.2,0.0,0.0,857.6,120.8
UFRPLS,80,slow,0.1,1000.0,43.8,0.043800000000000006,30.887354766822604,,,,,,2.8434,1.0,1.0,1.828948028296848,0.9863844014640961,0.030110501636583,4.64657421435972,2843.4,0.6098663012937919,0.505887174658282,0.11204712276924919,1.948582485742418,43.8,29.4,29.4,604.6,600.6
UFRPLS,80,slow,0.3,1000.0,46.4,0.0464,8.312549823372958,,,,,,2.9102,1.0,1.0,2.0969550213029797,0.8665257178119481,0.1126923990959768,5.16899325303636,2910.2,1.2444080816841399,0.465714578991412,0.27520966528978935,2.3546080369065003,46.4,31.4,31.4,679.2,457.2
UFRPLS,80,slow,0.5,1000.0,50.4,0.0504,29.575578319024498,,,,,,3.2524,1.0,1.0,2.92413016106098,0.65597152491171,0.12026075962442562,5.23143329522054,3252.4,2.56999023193784,0.445843632158066,1.0434364023222817,3.1880399766369996,50.4,21.8,21.8,826.2,171.4
UFRPLS,80,slow,0.7,1000.0,20.0,0.02,0.9221080765208599,,,,,,6.1052,1.0,1.0,5.76268271120348,1.3629335147599,0.14466089564509882,9.22877163825778,6105.2,5.30622684361646,1.013126250174084,3.2550370682690564,6.770386973644901,20.0,0.0,0.0,926.8,97.0
UFRPLS,80,slow,0.9,1000.0,24.0,0.024,0.902144825409632,,,,,,7.597200000000001,1.0,1.0,8.1653174337683,2.6629073727784,0.16792748705218902,14.297150698881001,7597.2,5.507410350162679,0.994890784382606,3.189147494379215,7.277084748528419,24.0,0.0,0.0,921.6,99.0
UFRPLS,100,fast,0.3,1000.0,40.2,0.0402,3.5960684294353604,,,,,,2.2756,1.0,1.0,2.25192255934884,0.844832771465312,0.2119070614697967,5.21592248575198,2275.6,1.4781084016825,0.5537176058691721,0.537519153959855,2.61754328958916,40.2,90.4,90.4,554.4,446.6
UFRPLS,100,fast,0.5,1000.0,41.4,0.041400000000000006,40.318054229226405,,,,,,2.4577999999999998,1.0,1.0,2.95290593554842,0.579379742145612,0.2623202784016953,5.503427280878119,2457.8,2.56238409215196,0.620594479065472,0.21727760970479698,3.3595565451211002,41.4,77.6,77.6,689.2,247.6
UFRPLS,100,fast,0.7,1000.0,27.2,0.027200000000000002,1.59771136409664,,,,,,3.47,1.0,1.0,5.86940603212292,1.055651987998712,0.40338311946152466,9.1307657848115,3470.0,4.84688933980834,1.0490280341143299,2.4858940440697004,6.35423263923952,27.2,0.0,0.0,868.2,168.6
UFRPLS,100,slow,0.1,1000.0,17.0,0.016999999999999998,12.8382384350803,,,,,,2.5574000000000003,1.0,1.0,1.6557876573525099,0.898965599478786,0.04179331553387788,4.58810032775624,2557.4,0.70667606154976,0.521219367440192,0.10215109344627556,1.583597092804964,17.0,26.4,26.4,583.0,673.4
UFRPLS,100,slow,0.3,1000.0,19.8,0.0198,30.25687772489232,,,,,,2.84,1.0,1.0,1.9088340064196998,0.736934462976898,0.22198568153698486,4.3627248298347805,2840.0,1.27309042767122,0.395495973955254,0.638001616836974,2.07849198007976,19.8,21.8,21.8,660.2,519.2
UFRPLS,100,slow,0.5,1000.0,34.6,0.0346,30.3521477336463,,,,,,3.035,1.0,1.0,2.8861905929179,0.611268747928176,0.22143655435112103,5.55438176444208,3035.0,2.5671778007249797,0.314620446007421,1.6297959383547667,3.02095823025138,34.6,10.6,10.6,788.8,270.8
UFRPLS,100,slow,0.7,1000.0,20.8,0.0208,1.381435055079294,,,,,,5.3793999999999995,1.0,1.0,5.77954948559332,1.044084353581606,0.2726223219828038,8.87658618013408,5379.4,5.24353323991934,0.843352488166102,3.81505091830921,6.58247212579338,20.8,0.0,0.0,876.6,163.4
UFRPLS,100,slow,0.9,1000.0,19.6,0.0196,1.19683234961854,,,,,,5.5784,1.0,1.0,8.19933719990034,2.2196037119635,0.19543409236444906,13.53622076026788,5578.4,5.933259238957779,0.8779018966942379,4.160884833812991,7.400633324367919,19.6,0.0,0.0,874.2,171.8
