config,protocol,n,speed,alpha,position,avg_min_cs,min_cs_stddev,min_cs_min,min_cs_max,min_cs_count,avg_cs,cs_stddev,cs_min,cs_max,cs_count,delay_mean_s,total_hops,secure_ratio,eav_count,pkt_sent,pkt_recv,pdr
GPSRCS-100veh,GPSRCS,100,slow,,e100,0.020900211247919,0.18362002175479,0.0,2.4138871375338,971.0,0.020294105121729,0.18096926057279,0.0,2.4138871375338,1000.0,0.011630150426669,1000,0.016,1,1000.0,971.0,0.971
GPSRCS-100veh,GPSRCS,100,slow,,e300,0.45825578128089,1.2366856571805,0.0,6.6235709984801,959.0,0.5822911893664,1.199463087763,0.0,6.6235709984801,1000.0,0.0072684729177623,1000,0.435,1,1000.0,959.0,0.959
GPSRCS-100veh,GPSRCS,100,slow,,e500,1.2297908459481,1.9164231178274,0.0,8.9037723864948,965.0,1.8632757502784,1.6879455935627,0.0,8.9037723864948,1000.0,0.0080809374792725,1000,0.817,1,1000.0,965.0,0.965
GPSRCS-100veh,GPSRCS,100,slow,,e700,1.079633736566,1.7924687714133,0.0,8.0815186707753,961.0,2.310505971568,1.6188394383808,0.0,8.0815186707753,1000.0,0.013708626348505,1000,0.828,1,1000.0,961.0,0.961
GPSRCS-100veh,GPSRCS,100,slow,,e900,1.2224606196564,1.6061156142485,0.0,7.0563975932199,971.0,2.8684315386348,1.6351202769616,0.0,7.0563975932199,1000.0,0.0092653979510793,1000,0.857,1,1000.0,971.0,0.971
GPSRCS-100veh-fast,GPSRCS,100,fast,,e100,0.0237209016688,0.19501060638362,0.0,2.4447601234037,871.0,0.020660905353524,0.18215859269048,0.0,2.4447601234037,1000.0,0.010030239955162,1000,0.017,1,1000.0,871.0,0.871
GPSRCS-100veh-fast,GPSRCS,100,fast,,e300,0.94853275568877,1.7447904425598,0.0,8.7307909591913,864.0,1.8595070335626,1.4960722433343,0.0,8.7307909591913,1000.0,0.001603779190434,1000,0.813,1,1000.0,864.0,0.864
GPSRCS-100veh-fast,GPSRCS,100,fast,,e500,2.9904995580318,2.2484326932206,0.0,10.44341117277,990.0,2.9787451833177,2.2395983617521,0.0,10.44341117277,1000.0,0.00045998812462525,1000,0.839,1,1000.0,990.0,0.99
GPSRCS-100veh-fast,GPSRCS,100,fast,,e700,0.56887002469467,0.90209658480287,0.0,6.1932725648388,853.0,2.5583073677408,1.3034170217971,0.0,6.1932725648388,1000.0,0.0020293599691735,1000,0.902,1,1000.0,853.0,0.853
GPSRCS-100veh-fast,GPSRCS,100,fast,,e900,1.953767037592,2.3055833442833,0.0,10.673507128794,886.0,3.0639065650428,2.1161259579155,0.0,10.673507128794,1000.0,0.0046958191297686,1000,0.826,1,1000.0,886.0,0.886
GPSRCS-20veh,GPSRCS,20,slow,,e100,1.211346252014,2.0189305937587,0.0,8.9468963721571,926.0,2.8428749610113,1.9488949846083,0.0,8.9468963721571,1161.0,0.001257055362338,1161,0.86907838070629,1,1000.0,926.0,0.926
GPSRCS-20veh,GPSRCS,20,slow,,e300,1.2095758954833,2.0134427765344,0.0,8.7897303189388,932.0,2.7025945925694,1.883989869078,0.0,8.7897303189388,1125.0,0.0012790164650987,1125,0.85866666666667,1,1000.0,932.0,0.932
GPSRCS-20veh,GPSRCS,20,slow,,e500,1.214600030218,2.0150267468253,0.0,8.8143695314126,923.0,2.6791764936399,1.8553782393001,0.0,8.8143695314126,1113.0,0.0012356466919415,1113,0.87511230907457,1,1000.0,923.0,0.923
GPSRCS-20veh,GPSRCS,20,slow,,e700,1.2000707860134,2.0070986546554,0.0,8.9351492969965,940.0,2.6877592846023,1.8419679636701,0.0,8.9351492969965,1075.0,0.0012616827935904,1075,0.86697674418605,1,1000.0,940.0,0.94
GPSRCS-20veh,GPSRCS,20,slow,,e900,1.1995833554874,2.0153751781648,0.0,8.9419647675389,937.0,2.6937729352974,1.8596359490227,0.0,8.9419647675389,1097.0,0.0023274158553042,1097,0.86964448495898,1,1000.0,937.0,0.937
GPSRCS-20veh-fast,GPSRCS,20,fast,,e100,0.2208269259359,0.81480235781289,0.0,6.4592354159544,832.0,0.88098029408523,1.8077782048316,0.0,11.088806857921,1219.0,0.0015094749623161,1219,0.33880229696473,1,1000.0,832.0,0.832
GPSRCS-20veh-fast,GPSRCS,20,fast,,e300,0.9742322512828,1.5689136470399,0.0,7.8365819880748,854.0,2.7529826666311,2.6275221205052,0.0,11.304574070918,1297.0,0.0015051196390726,1297,0.87124132613724,1,1000.0,854.0,0.854
GPSRCS-20veh-fast,GPSRCS,20,fast,,e500,1.5416166526097,2.0675260501916,0.0,9.1225081360221,829.0,3.8422979398098,2.9518788983082,0.0,14.176486428575,1256.0,0.0014296998313269,1256,0.88375796178344,1,1000.0,829.0,0.829
GPSRCS-20veh-fast,GPSRCS,20,fast,,e700,1.6680847910645,2.1882730613465,0.0,9.1609482775204,838.0,4.1966188618848,2.9919207947842,0.0,15.730792316848,1211.0,0.001470796216673,1211,0.89017341040462,1,1000.0,838.0,0.838
GPSRCS-20veh-fast,GPSRCS,20,fast,,e900,1.4522278585037,1.8361766889679,0.0,8.1227339405705,875.0,4.3645882920249,3.1075393675813,0.0,15.984836943176,1207.0,0.0014735706137246,1207,0.90969345484673,1,1000.0,875.0,0.875
GPSRCS-40veh,GPSRCS,40,slow,,e100,0.10414564032741,0.49927799393501,0.0,4.0870489797592,987.0,0.10279174700315,0.49615920734546,0.0,4.0870489797592,1000.0,0.001139930563997,1000,0.061,1,1000.0,987.0,0.987
GPSRCS-40veh,GPSRCS,40,slow,,e300,0.65588002879084,1.4281708627247,0.0,6.9321205162617,971.0,1.4157859068379,1.3034496320489,0.0,6.9321205162617,1000.0,0.0070686714389917,1000,0.85,1,1000.0,971.0,0.971
GPSRCS-40veh,GPSRCS,40,slow,,e500,0.8345875539097,1.624497121514,0.0,8.3907206459283,983.0,2.2949586947689,1.4565677635003,0.0,8.3907206459283,1000.0,0.0010887426313377,1000,0.862,1,1000.0,983.0,0.983
GPSRCS-40veh,GPSRCS,40,slow,,e700,1.2493405767409,1.5916185437096,0.0,7.9061606467772,982.0,2.8606539806975,1.5783049790824,0.0,7.9061606467772,1000.0,0.0010985744988666,1000,0.872,1,1000.0,982.0,0.982
GPSRCS-40veh,GPSRCS,40,slow,,e900,1.4681583274045,1.668009461836,0.0,8.5405979434169,979.0,3.0089846779887,1.7346204971451,0.0,8.5405979434169,1000.0,0.001118369220668,1000,0.885,1,1000.0,979.0,0.979
GPSRCS-40veh-fast,GPSRCS,40,fast,,e100,0.065373243801161,0.43748699904548,0.0,5.2332079483489,886.0,0.061616604028601,0.41794844835257,0.0,5.2332079483489,1000.0,0.0026983162433251,1000,0.04,1,1000.0,886.0,0.886
GPSRCS-40veh-fast,GPSRCS,40,fast,,e300,0.59893571492985,1.3532190091314,0.0,7.1187092703788,890.0,0.82798005354551,1.373104503879,0.0,9.4908563482017,1001.0,0.0017864342526303,1001,0.54945054945055,1,1000.0,890.0,0.89
GPSRCS-40veh-fast,GPSRCS,40,fast,,e500,1.2312965867923,2.029623611511,0.0,9.5765473477669,901.0,2.4514517204554,1.7487873550088,0.0,9.5765473477669,1000.0,0.0023445345047825,1000,0.858,1,1000.0,901.0,0.901
GPSRCS-40veh-fast,GPSRCS,40,fast,,e700,1.4403599033903,2.1551246193375,0.0,9.6682118581006,881.0,2.9219490931089,1.9114608574052,0.0,9.6682118581006,1000.0,0.0069028111261317,1000,0.862,1,1000.0,881.0,0.881
GPSRCS-40veh-fast,GPSRCS,40,fast,,e900,4.7949556052486,3.7048377699349,0.0,15.572834500618,986.0,5.1509210589208,3.6326632081406,0.0,15.572834500618,1048.0,0.00045017155772921,1048,0.90458015267176,1,1000.0,986.0,0.986
GPSRCS-60veh,GPSRCS,60,slow,,e100,0.01363679698843,0.13061018627941,0.0,1.7836904803557,958.0,0.013064051514916,0.12786443820779,0.0,1.7836904803557,1000.0,0.003435550648761,1000,0.015,1,1000.0,958.0,0.958
GPSRCS-60veh,GPSRCS,60,slow,,e300,0.64594520456379,1.4041219389221,0.0,7.0898655471286,961.0,0.85283598503144,1.3314834516567,0.0,7.0898655471286,1000.0,0.0070595689647888,1000,0.727,1,1000.0,961.0,0.961
GPSRCS-60veh,GPSRCS,60,slow,,e500,1.112989169858,1.9497155692285,0.0,8.5302418478407,964.0,2.1600822746096,1.664552684892,0.0,8.5302418478407,1000.0,0.011517029391665,1000,0.822,1,1000.0,964.0,0.964
GPSRCS-60veh,GPSRCS,60,slow,,e700,1.0844117340727,1.6314443018881,0.0,7.8511266166909,947.0,2.7454482678655,1.5299761223779,0.0,7.8511266166909,1000.0,0.0034816182695998,1000,0.862,1,1000.0,947.0,0.947
GPSRCS-60veh,GPSRCS,60,slow,,e900,0.5644225897385,0.61446806844206,0.0,3.9156173111509,958.0,2.7229157473754,1.5124110499818,0.0,5.0654052947785,1000.0,0.0073491605391931,1000,0.905,1,1000.0,958.0,0.958
GPSRCS-60veh-fast,GPSRCS,60,fast,,e100,1.1555873058285,1.9040479786339,0.0,8.3440187038559,949.0,1.0966523532313,1.8721682992929,0.0,8.3440187038559,1000.0,0.0024081239008851,1000,0.373,1,1000.0,949.0,0.949
GPSRCS-60veh-fast,GPSRCS,60,fast,,e300,0.43842892990936,1.2702774914945,0.0,8.4536891415133,942.0,0.46327124735837,1.2286397932237,0.0,8.4536891415133,1000.0,0.00058757196293418,1000,0.317,1,1000.0,942.0,0.942
GPSRCS-60veh-fast,GPSRCS,60,fast,,e500,4.0277878431349,2.6000389780859,0.0,13.532145822647,1000.0,4.0277878431349,2.6000389780859,0.0,13.532145822647,1000.0,0.000239510473476,1000,0.947,1,1000.0,1000.0,1.0
GPSRCS-60veh-fast,GPSRCS,60,fast,,e700,3.7126547542705,3.1424321594622,0.0,12.627317518276,953.0,4.069154580504,2.7965367389737,0.0,12.627317518276,1000.0,0.00053386862673347,1000,0.914,1,1000.0,953.0,0.953
GPSRCS-60veh-fast,GPSRCS,60,fast,,e900,4.289475298751,3.9348626039108,0.0,16.094195511738,939.0,4.5294406061817,3.6809014114082,0.0,16.094195511738,1000.0,0.0040472270362407,1000,0.877,1,1000.0,939.0,0.939
GPSRCS-80veh,GPSRCS,80,slow,,e100,0.13030936569782,0.61893029345115,0.0,4.9515999690972,968.0,0.12613946599549,0.60936898695823,0.0,4.9515999690972,1000.0,0.0069267077519153,1000,0.066,1,1000.0,968.0,0.968
GPSRCS-80veh,GPSRCS,80,slow,,e300,0.38251669223186,1.0871114510396,0.0,7.2307737865507,966.0,0.42190342328307,1.0638322217374,0.0,7.2307737865507,1000.0,0.004619040065882,1000,0.314,1,1000.0,966.0,0.966
GPSRCS-80veh,GPSRCS,80,slow,,e500,1.3714057622813,2.0649153061286,0.0,9.1253689956675,962.0,2.2228856315314,1.7816884584917,0.0,9.1253689956675,1000.0,0.016874880737299,1000,0.819,1,1000.0,962.0,0.962
GPSRCS-80veh,GPSRCS,80,slow,,e700,1.2083955298199,1.414088576956,0.0,7.6224647113505,958.0,2.5709163122608,1.4492910405701,0.0,7.6224647113505,1000.0,0.0040293566990428,1000,0.883,1,1000.0,958.0,0.958
GPSRCS-80veh,GPSRCS,80,slow,,e900,1.2701144485716,1.6502378426896,0.0,7.3368615607254,963.0,2.891765898266,1.6428204537492,0.0,7.3368615607254,1000.0,0.0014809196555618,1000,0.862,1,1000.0,963.0,0.963
GPSRCS-80veh-fast,GPSRCS,80,fast,,e100,0.092922488402868,0.4729978009919,0.0,3.8486311592214,927.0,0.086139146749459,0.45603004544291,0.0,3.8486311592214,1000.0,0.00065292311554369,1000,0.047,1,1000.0,927.0,0.927
GPSRCS-80veh-fast,GPSRCS,80,fast,,e300,1.1681519474204,0.69940151846626,0.0,5.9279175559104,1000.0,1.1681519474204,0.69940151846626,0.0,5.9279175559104,1000.0,0.000244962112912,1000,0.933,1,1000.0,1000.0,1.0
GPSRCS-80veh-fast,GPSRCS,80,fast,,e500,4.6380126194219,2.0921089003268,0.0,9.7597868183122,1000.0,4.6380126194219,2.0921089003268,0.0,9.7597868183122,1000.0,0.000236399983072,1000,0.94,1,1000.0,1000.0,1.0
GPSRCS-80veh-fast,GPSRCS,80,fast,,e700,2.7552200585768,2.3008357425447,0.0,11.551730531514,953.0,2.8886405911817,2.168181529217,0.0,11.551730531514,1000.0,0.0033706118374533,1000,0.842,1,1000.0,953.0,0.953
GPSRCS-80veh-fast,GPSRCS,80,fast,,e900,3.3019896265211,3.1685726357243,0.0,15.060373760359,907.0,3.5806742047999,2.8606733458778,0.0,15.060373760359,1000.0,0.0037529666864719,1000,0.865,1,1000.0,907.0,0.907
UFRPLS-100veh-a01,UFRPLS,100,slow,0.1,e100,0.37410611648618,0.24672997056516,0.086183738948421,1.081345778523,19.0,1.1112839552511,1.208108177627,0.0049872263744604,6.7083506862777,2999.0,0.055329442378895,2999,1.0,1,1000.0,19.0,0.019
UFRPLS-100veh-a01,UFRPLS,100,slow,0.1,e300,0.31025742257914,0.17912198528061,0.0092211483291678,0.59523749781442,22.0,0.48773401411695,0.2126019233168,0.038720781857126,1.8596577890967,1570.0,0.0015723346874091,1570,1.0,1,1000.0,22.0,0.022
UFRPLS-100veh-a01,UFRPLS,100,slow,0.1,e500,0.79134269786666,0.71967316854169,0.033204778620856,2.260874395339,22.0,1.6677856347694,0.65758044796303,0.08621837891954,5.1417774237639,2413.0,0.0026986648504545,2413,1.0,1,1000.0,22.0,0.022
UFRPLS-100veh-a01,UFRPLS,100,slow,0.1,e700,0.99507851147392,0.5893056693648,0.30372308279462,1.7945654795166,8.0,2.304232599926,1.010862161829,0.04826687455855,4.5862077924724,2676.0,0.002048980131,2676,1.0,1,1000.0,8.0,0.008
UFRPLS-100veh-a01,UFRPLS,100,slow,0.1,e900,1.0625955593429,0.8712660434487,0.078422718538313,2.1859623128318,14.0,2.7079020826991,1.4056752866581,0.030773315959713,4.6445079471705,3129.0,0.0025417701276429,3129,1.0,1,1000.0,14.0,0.014
UFRPLS-100veh-a03,UFRPLS,100,slow,0.3,e100,1.0874288387577,0.45858804102106,0.28621715548064,1.850213188364,16.0,1.4600044646309,1.003005001603,0.0025446876756092,5.4806969394093,4040.0,0.001404560125875,4040,1.0,1,1000.0,16.0,0.016
UFRPLS-100veh-a03,UFRPLS,100,slow,0.3,e300,1.0385836641185,0.29150300319246,0.14302606097757,1.2877627652176,21.0,1.2277364110852,0.20397248256584,0.40533890922648,2.9977044753526,1468.0,0.0018188002234286,1468,1.0,1,1000.0,21.0,0.021
UFRPLS-100veh-a03,UFRPLS,100,slow,0.3,e500,1.3526365732239,0.3426184990782,0.96327042815768,2.2881976539936,24.0,1.7295395254971,0.45172517750704,0.45720996097935,4.4997817924589,2469.0,0.044883854138125,2469,1.0,1,1000.0,24.0,0.024
UFRPLS-100veh-a03,UFRPLS,100,slow,0.3,e700,1.3815163480505,0.45937081941747,0.73847041946438,2.698212249976,18.0,2.3615098104939,0.84129684956391,0.15568639402603,3.7490584168411,2657.0,0.099298560061833,2657,1.0,1,1000.0,18.0,0.018
UFRPLS-100veh-a03,UFRPLS,100,slow,0.3,e900,1.5052867142055,0.42539950706708,1.0590240201046,2.2680740428476,20.0,2.7653798203914,1.1846728036447,0.089148455777455,5.086382525112,3566.0,0.0038786140752,3566,1.0,1,1000.0,20.0,0.02
UFRPLS-100veh-a03-fast,UFRPLS,100,fast,0.3,e100,1.1357627884221,0.30328730840943,0.54030228644517,1.7507462534327,19.0,1.2667667809148,0.66153595772088,0.0083624334893315,5.6377459366106,2583.0,0.0012154493890526,2583,1.0,1,1000.0,19.0,0.019
UFRPLS-100veh-a03-fast,UFRPLS,100,fast,0.3,e300,1.6112444964638,0.54816688111863,1.0196602596389,2.6327563602905,17.0,1.8750499894556,0.56779685511104,0.01237114640174,3.9822824061438,1877.0,0.0013832504569412,1877,1.0,1,1000.0,17.0,0.017
UFRPLS-100veh-a03-fast,UFRPLS,100,fast,0.3,e500,1.8777532221849,0.85102186583092,0.03464303470038,3.4164420852481,80.0,2.5219639088269,0.83848105215755,0.57813558893443,6.1165336718459,2100.0,0.001499372630275,2100,1.0,1,1000.0,80.0,0.08
UFRPLS-100veh-a03-fast,UFRPLS,100,fast,0.3,e700,1.0915483944822,0.24749537556233,0.072156662339225,1.993226732178,71.0,2.6668322811099,0.94717286882009,0.41278039175307,4.5424291732184,2287.0,0.010556486838408,2287,1.0,1,1000.0,71.0,0.071
UFRPLS-100veh-a03-fast,UFRPLS,100,fast,0.3,e900,1.6742331068595,0.81861659842455,1.0208335266756,3.2945450167965,14.0,2.928999836437,1.209177123517,0.047885746770412,5.8006212409412,2531.0,0.0033257828325,2531,1.0,1,1000.0,14.0,0.014
UFRPLS-100veh-a05,UFRPLS,100,slow,0.5,e100,1.764146603619,0.85821779669545,0.057296457109594,2.9632416243797,14.0,2.3562870084434,1.2347523875023,0.012329268235355,7.4110342382198,5518.0,0.00075991781978571,5518,1.0,1,1000.0,14.0,0.014
UFRPLS-100veh-a05,UFRPLS,100,slow,0.5,e300,2.6786111400942,0.42648025335035,0.54986672159624,3.278158505793,35.0,2.8071937213968,0.47611305727671,0.22373920286752,5.1234330086592,2423.0,0.0021535080679714,2423,1.0,1,1000.0,35.0,0.035
UFRPLS-100veh-a05,UFRPLS,100,slow,0.5,e500,2.8149463490526,0.079507821169054,2.5961598432326,2.9586331140822,36.0,2.8862027979154,0.31797663942279,0.48008327160524,5.6963849117879,1775.0,0.0023814610679444,1775,1.0,1,1000.0,36.0,0.036
UFRPLS-100veh-a05,UFRPLS,100,slow,0.5,e700,2.803456513785,0.11227837184607,2.4983671448134,2.9941359008676,45.0,2.9566289226123,0.34927023327211,0.21861612365874,4.80348673092,2338.0,0.002504007166,2338,1.0,1,1000.0,45.0,0.045
UFRPLS-100veh-a05,UFRPLS,100,slow,0.5,e900,2.7747283970741,0.096617986976181,2.447289525022,2.9106220061344,43.0,3.4246405142216,0.67823142216697,0.17241490538875,4.7375699326235,3121.0,0.14396184454653,3121,1.0,1,1000.0,43.0,0.043
UFRPLS-100veh-a05-fast,UFRPLS,100,fast,0.5,e100,2.0131094180621,1.0372865862126,0.054824401581634,3.2069360143705,10.0,2.2787716196683,1.0316225891094,0.0033433693026907,5.521386488108,4009.0,0.0011119055726,4009,1.0,1,1000.0,10.0,0.01
UFRPLS-100veh-a05-fast,UFRPLS,100,fast,0.5,e300,2.7217577524364,0.51828714863489,0.08150137299603,2.9875191433722,30.0,2.8792325662664,0.27965783575278,0.063803158121956,4.6136164492738,1869.0,0.035657616888567,1869,1.0,1,1000.0,30.0,0.03
UFRPLS-100veh-a05-fast,UFRPLS,100,fast,0.5,e500,2.7592899333737,0.34236469494361,0.76001427340401,3.3982607784909,77.0,2.9922525775844,0.36857074031797,0.37985012759886,4.6964019873763,1964.0,0.028302502713286,1964,1.0,1,1000.0,77.0,0.077
UFRPLS-100veh-a05-fast,UFRPLS,100,fast,0.5,e700,2.5199374656105,0.65425641994649,0.039974713700481,3.5338849827625,58.0,3.163762894753,0.5079896325142,0.58039722287945,6.722172497032,2175.0,0.038553127872741,2175,1.0,1,1000.0,58.0,0.058
UFRPLS-100veh-a05-fast,UFRPLS,100,fast,0.5,e900,2.7978258912771,0.55077754558977,0.15007328684183,3.6711818066094,32.0,3.45051001947,0.70905791303371,0.28420751410552,5.9635589826005,2272.0,0.097965118098938,2272,1.0,1,1000.0,32.0,0.032
UFRPLS-100veh-a07,UFRPLS,100,slow,0.7,e100,1.4393164252452,1.6164543467046,0.29072271004735,4.6346657945619,6.0,2.9777637442958,1.6685065657101,0.013897797364159,7.6293735348345,7009.0,0.0014510248416667,7009,1.0,1,1000.0,6.0,0.006
UFRPLS-100veh-a07,UFRPLS,100,slow,0.7,e300,5.4717834349024,1.3687862389534,2.7896170608918,6.8818744181478,22.0,6.2539326087142,1.1238021906506,0.19509577491895,10.058320180424,7106.0,0.00098856609672727,7106,1.0,1,1000.0,22.0,0.022
UFRPLS-100veh-a07,UFRPLS,100,slow,0.7,e500,6.549947749114,0.23482966265827,6.094805390654,7.0636765587698,21.0,6.629747850632,0.71813575709621,0.62687920556061,9.3897644255396,4846.0,0.0015067096897619,4846,1.0,1,1000.0,21.0,0.021
UFRPLS-100veh-a07,UFRPLS,100,slow,0.7,e700,6.4224930702327,0.52837166693055,4.9169667956653,7.4022840572241,31.0,6.5965282166968,0.71559107125526,0.26587727108723,8.3417372659083,4047.0,0.0017658977090323,4047,1.0,1,1000.0,31.0,0.031
UFRPLS-100veh-a07,UFRPLS,100,slow,0.7,e900,6.3341255201024,0.46832052558369,4.9831426342876,6.9298598002633,24.0,6.4397750076278,0.99438618319586,0.26136156098307,8.963735493964,3889.0,0.0011949769382083,3889,1.0,1,1000.0,24.0,0.024
UFRPLS-100veh-a07-fast,UFRPLS,100,fast,0.7,e100,1.3611305910792,1.1172708124939,0.26241804444049,3.3372299259422,7.0,3.3127307682426,1.7511563296028,0.0091782881777434,8.5319858484887,4016.0,0.0012034235545714,4016,1.0,1,1000.0,7.0,0.007
UFRPLS-100veh-a07-fast,UFRPLS,100,fast,0.7,e300,6.5917505930613,0.33393349097055,6.0441765468227,7.3610333440119,20.0,6.5023495563241,0.86946722482676,0.61100213609224,8.5448261684272,3836.0,0.0014227979306,3836,1.0,1,1000.0,20.0,0.02
UFRPLS-100veh-a07-fast,UFRPLS,100,fast,0.7,e500,6.2845851517455,1.2347773729423,0.071890755981016,7.1040553854069,69.0,6.5765479228101,0.81527711512114,0.16352133745908,9.6183633402182,3197.0,0.0020333808841739,3197,1.0,1,1000.0,69.0,0.069
UFRPLS-100veh-a07-fast,UFRPLS,100,fast,0.7,e700,3.3673596255894,2.3182334626949,0.016182460863895,6.6471468680415,11.0,6.4272332342714,1.0552541317608,0.7380149813189,9.1570541801811,3292.0,0.002136733905,3292,1.0,1,1000.0,11.0,0.011
UFRPLS-100veh-a07-fast,UFRPLS,100,fast,0.7,e900,6.6296207375663,0.24092503147,6.0348024122404,7.3216976727951,29.0,6.5281686789664,0.78710513868206,0.49519885425966,9.8015993867423,3009.0,0.0011922205461379,3009,1.0,1,1000.0,29.0,0.029
UFRPLS-100veh-a09,UFRPLS,100,slow,0.9,e100,1.882737415577,1.218678453895,0.20364042513886,4.203900055884,12.0,2.8787530962714,1.614393197385,0.0036834427999253,7.6621793307694,6933.0,0.0011215322285833,6933,1.0,1,1000.0,12.0,0.012
UFRPLS-100veh-a09,UFRPLS,100,slow,0.9,e300,5.8130866061999,1.0574092784366,2.8380902086585,7.3331011827096,28.0,7.797494622004,2.0911177200012,0.11116328054545,12.81146376363,6716.0,0.0011570467871786,6716,1.0,1,1000.0,28.0,0.028
UFRPLS-100veh-a09,UFRPLS,100,slow,0.9,e500,8.0862438649717,0.88684073824872,5.7155980531139,9.357180284914,26.0,9.1372598514333,1.8363824293289,0.26216108211816,14.152226317163,5292.0,0.0016040289812308,5292,1.0,1,1000.0,26.0,0.026
UFRPLS-100veh-a09,UFRPLS,100,slow,0.9,e700,7.2458901392034,0.83834241861017,6.2153918728302,8.4293993352933,10.0,10.287883853441,2.4489794240442,0.36843972028716,16.405408665431,4495.0,0.0014391814166,4495,1.0,1,1000.0,10.0,0.01
UFRPLS-100veh-a09,UFRPLS,100,slow,0.9,e900,6.6383381688369,0.3882385942807,5.8317036093235,7.6795857630387,22.0,10.895294576352,3.1071457890582,0.23172293607155,16.649825724346,4456.0,0.0006623723345,4456,1.0,1,1000.0,22.0,0.022
UFRPLS-20veh-a01,UFRPLS,20,slow,0.1,e100,1.3131757122305,0.87423584197393,0.15638467298547,2.6161184171985,52.0,2.3632687384793,0.66935494880056,0.016909619949423,5.27257304022,6796.0,0.0013065866310962,6796,1.0,1,1000.0,52.0,0.052
UFRPLS-20veh-a01,UFRPLS,20,slow,0.1,e300,1.223540157787,0.87117016002472,0.036878906962443,2.6407275979606,59.0,2.4012835375929,0.65332718928163,0.020656840196757,5.9069649786614,6634.0,0.0011539697778136,6634,1.0,1,1000.0,59.0,0.059
UFRPLS-20veh-a01,UFRPLS,20,slow,0.1,e500,1.211515008407,0.7932061258156,0.16261364072701,2.6900655423845,46.0,2.383761746041,0.67259851309806,0.0083927753849089,5.685890081209,6904.0,0.001083325581087,6904,1.0,1,1000.0,46.0,0.046
UFRPLS-20veh-a01,UFRPLS,20,slow,0.1,e700,1.1957130868076,0.8784629538344,0.1572100033461,3.0076289922514,57.0,2.3940764952695,0.65892790668041,0.050063008964344,5.2697334869717,6772.0,0.00094845895503509,6772,1.0,1,1000.0,57.0,0.057
UFRPLS-20veh-a01,UFRPLS,20,slow,0.1,e900,1.0883504807096,0.83834134866213,0.054114526143863,2.7839867429005,56.0,2.407090208698,0.63177258444627,0.0081727153343323,5.6911943972711,6830.0,0.0011694545703571,6830,1.0,1,1000.0,56.0,0.056
UFRPLS-20veh-a03,UFRPLS,20,slow,0.3,e100,1.4434893259054,0.63255221729249,0.054379548825416,2.8168733307588,84.0,2.2471464358603,0.67743895123597,0.020656840196757,5.2710174817859,3831.0,0.00099693583760714,3831,1.0,1,1000.0,84.0,0.084
UFRPLS-20veh-a03,UFRPLS,20,slow,0.3,e300,1.363582172091,0.55055877897638,0.039823960858541,2.8256829861063,90.0,2.2179173795514,0.74156251596582,0.026893286607191,5.2363120238256,3621.0,0.0010501255116556,3621,1.0,1,1000.0,90.0,0.09
UFRPLS-20veh-a03,UFRPLS,20,slow,0.3,e500,1.4116181770125,0.60857470646809,0.32567005373065,2.701020178818,89.0,2.278616366009,0.66399052995947,0.025087981204834,5.4909521235488,3701.0,0.0010735893536742,3701,1.0,1,1000.0,89.0,0.089
UFRPLS-20veh-a03,UFRPLS,20,slow,0.3,e700,1.2241503905273,0.62155353865497,0.025920411647121,2.588439421406,82.0,2.2694861827205,0.67271886729918,0.16917864892796,5.4239754019975,3675.0,0.0011640261332073,3675,1.0,1,1000.0,82.0,0.082
UFRPLS-20veh-a03,UFRPLS,20,slow,0.3,e900,1.3975399865855,0.58437542236158,0.032235529186259,2.6871950547718,72.0,2.2227058815674,0.69620855054005,0.090907665940932,5.36641341154,3598.0,0.0012081468576806,3598,1.0,1,1000.0,72.0,0.072
UFRPLS-20veh-a03-fast,UFRPLS,20,fast,0.3,e100,1.1884937561925,0.67084876098017,0.060891111985626,3.0112910846429,49.0,1.8983602421062,1.2228224886824,0.013500538265461,7.4923471770215,3993.0,0.001187603708898,3993,1.0,1,1000.0,49.0,0.049
UFRPLS-20veh-a03-fast,UFRPLS,20,fast,0.3,e300,1.2108453336125,0.42930581000242,0.056280912956673,2.3309078328816,99.0,1.6955837094969,0.97045032754234,0.23505496665436,5.8568704283036,3682.0,0.00089679832314141,3682,1.0,1,1000.0,99.0,0.099
UFRPLS-20veh-a03-fast,UFRPLS,20,fast,0.3,e500,2.1548839238662,0.71145639345379,0.78982959605067,3.8198126362703,78.0,2.3844274744072,0.88384884390747,0.060594518387546,7.1828667934874,4159.0,0.000816971453,4159,1.0,1,1000.0,78.0,0.078
UFRPLS-20veh-a03-fast,UFRPLS,20,fast,0.3,e700,2.3460452348766,0.95261532107176,0.15298694668085,3.7439624783181,71.0,3.1357573090591,1.170250235129,0.0057802422884379,7.4530436132549,4780.0,0.00082302323697183,4780,1.0,1,1000.0,71.0,0.071
UFRPLS-20veh-a03-fast,UFRPLS,20,fast,0.3,e900,1.8733062364732,0.93121816946849,0.036702044878538,3.5428219458743,71.0,3.356465634168,1.4880068835487,0.11488344975687,9.9862042457692,4851.0,0.001095673708,4851,1.0,1,1000.0,71.0,0.071
UFRPLS-20veh-a05,UFRPLS,20,slow,0.5,e100,2.553550864008,0.48642446100848,0.66062886524335,3.7159536590988,110.0,2.8717765766596,0.65393142408807,0.19510449371639,5.455968693844,4011.0,0.0011934829552545,4011,1.0,1,1000.0,110.0,0.11
UFRPLS-20veh-a05,UFRPLS,20,slow,0.5,e300,2.5859405023675,0.46503443142283,0.60419290995516,3.456090785085,109.0,2.7990186955496,0.67414751599119,0.036167030792114,5.6220981323269,4202.0,0.0011333663775688,4202,1.0,1,1000.0,109.0,0.109
UFRPLS-20veh-a05,UFRPLS,20,slow,0.5,e500,2.5592291952358,0.57603060436103,0.19719724266858,3.8395548762526,109.0,2.8139394314447,0.6487728609356,0.043837295604575,5.2391762421824,4128.0,0.0012817855418624,4128,1.0,1,1000.0,109.0,0.109
UFRPLS-20veh-a05,UFRPLS,20,slow,0.5,e700,2.6075689256584,0.44758470261633,0.73084985351371,3.2355666165485,93.0,2.8118260287544,0.66998904220509,0.10220901778861,5.393089941875,4064.0,0.0012669077535376,4064,1.0,1,1000.0,93.0,0.093
UFRPLS-20veh-a05,UFRPLS,20,slow,0.5,e900,2.5929101425373,0.5288357952777,0.029783177437977,3.7159536590988,91.0,2.8452673181597,0.68306646091271,0.043535187465658,5.5767030194808,4204.0,0.0013177459995275,4204,1.0,1,1000.0,91.0,0.091
UFRPLS-20veh-a05-fast,UFRPLS,20,fast,0.5,e100,2.0900400430377,1.1012019183961,0.029976105168608,4.096008803565,45.0,2.680430820694,1.0180980710024,0.017532307931887,8.2685756598916,6120.0,0.00085077687153333,6120,1.0,1,1000.0,45.0,0.045
UFRPLS-20veh-a05-fast,UFRPLS,20,fast,0.5,e300,2.6923466852658,0.68180849472279,0.74923780045489,5.0956016404895,76.0,3.232187400281,1.0235716337015,0.073406564786261,7.2981210219237,4682.0,0.0007454482154079,4682,1.0,1,1000.0,76.0,0.076
UFRPLS-20veh-a05-fast,UFRPLS,20,fast,0.5,e500,2.6106967441884,0.49308891180976,0.50839334056369,3.8064236100396,107.0,3.0226490623092,1.2333881976702,0.02864464017825,9.1621365990691,4140.0,0.00094850050895327,4140,1.0,1,1000.0,107.0,0.107
UFRPLS-20veh-a05-fast,UFRPLS,20,fast,0.5,e700,2.9930493107265,0.56809501969777,0.8212848675935,4.0255021954544,57.0,3.4279738673817,0.89106196753716,0.078544113885343,8.8750516123826,5081.0,0.0010762292707193,5081,1.0,1,1000.0,57.0,0.057
UFRPLS-20veh-a05-fast,UFRPLS,20,fast,0.5,e900,2.791379009502,0.58884448009264,0.19049104341537,4.4930410681412,93.0,3.6994073481677,1.2434827891825,0.043367880937787,9.6970804360137,5499.0,0.00086328654855914,5499,1.0,1,1000.0,93.0,0.093
UFRPLS-20veh-a07,UFRPLS,20,slow,0.7,e100,6.5580886395209,1.1595297289895,4.5985941462608,8.5771164939513,63.0,6.2500010093166,1.7006417276585,0.050063008964344,9.4177530267725,8869.0,0.00035600089071429,8869,1.0,1,1000.0,63.0,0.063
UFRPLS-20veh-a07,UFRPLS,20,slow,0.7,e300,6.698017551573,1.1467044515896,4.3504801953426,8.6219210879253,63.0,6.2376488081037,1.704312469763,0.047388397077412,9.2510113933697,9103.0,0.00047499306438095,9103,1.0,1,1000.0,63.0,0.063
UFRPLS-20veh-a07,UFRPLS,20,slow,0.7,e500,6.7003654469111,1.2414560873838,2.9600789424065,8.5977529842278,62.0,6.1865233499792,1.7266537426817,0.023741931918252,9.414336931797,8773.0,0.00031328299856452,8773,1.0,1,1000.0,62.0,0.062
UFRPLS-20veh-a07,UFRPLS,20,slow,0.7,e700,6.7880665291167,1.1639223639887,4.791381668758,8.6663380924721,61.0,6.2113984227877,1.6722163059531,0.047388397077412,8.6686666690522,8789.0,0.00032980536901639,8789,1.0,1,1000.0,61.0,0.061
UFRPLS-20veh-a07,UFRPLS,20,slow,0.7,e900,6.6756485129457,1.2413393987818,2.2197913668699,8.5117377978077,64.0,6.258319802651,1.6394776891144,0.070854035642171,9.4513208300092,8761.0,0.00033263499964063,8761,1.0,1,1000.0,64.0,0.064
UFRPLS-20veh-a07-fast,UFRPLS,20,fast,0.7,e100,3.218528687639,1.9474005237752,0.07840465446467,6.2807008818308,20.0,4.8002744970941,2.2100954446896,0.022866380989896,10.624265779759,8900.0,0.0008624503619,8900,1.0,1,1000.0,20.0,0.02
UFRPLS-20veh-a07-fast,UFRPLS,20,fast,0.7,e300,6.0725315225832,1.0131352902807,3.786350009325,7.5995034464928,47.0,6.0769441419845,1.760780953477,0.18279490341909,12.489340966716,10185.0,0.00046297656782979,10185,1.0,1,1000.0,47.0,0.047
UFRPLS-20veh-a07-fast,UFRPLS,20,fast,0.7,e500,6.2001193705629,1.0939672547786,3.2724518895271,8.9996091886883,66.0,6.2551485228252,1.7140824915524,0.024252645905698,13.826738410495,9002.0,0.00048224529419697,9002,1.0,1,1000.0,66.0,0.066
UFRPLS-20veh-a07-fast,UFRPLS,20,fast,0.7,e700,6.3766711242647,0.83919489657965,4.0138226662184,7.8884383783551,59.0,6.4388200925227,1.7141794242142,0.1470389446767,11.338383137647,8438.0,0.00057815282384746,8438,1.0,1,1000.0,59.0,0.059
UFRPLS-20veh-a07-fast,UFRPLS,20,fast,0.7,e900,6.1406351951051,1.0802915123303,3.5325304495286,8.175338412805,54.0,6.1070744855393,1.7857358538938,0.040368785489228,11.510022159852,7741.0,0.00056928277061111,7741,1.0,1,1000.0,54.0,0.054
UFRPLS-20veh-a09,UFRPLS,20,slow,0.9,e100,6.8417643941801,1.1486134093107,4.4166100443582,8.5848919818542,45.0,7.0834359219447,2.4395695235008,0.070352582311124,14.173769044211,9840.0,0.00025122702704444,9840,1.0,1,1000.0,45.0,0.045
UFRPLS-20veh-a09,UFRPLS,20,slow,0.9,e300,6.7560074045832,1.2423296151517,4.3778857994269,8.8692093099508,50.0,7.078736402011,2.4573238003083,0.008816860077772,14.179205073217,9782.0,0.00027153431804,9782,1.0,1,1000.0,50.0,0.05
UFRPLS-20veh-a09,UFRPLS,20,slow,0.9,e500,6.860160116431,1.0910951492332,4.5417820915969,8.5738251580083,45.0,7.1400004747746,2.43289602897,0.037360966238012,14.214228319819,9801.0,0.00049332155748889,9801,1.0,1,1000.0,45.0,0.045
UFRPLS-20veh-a09,UFRPLS,20,slow,0.9,e700,6.8505995121813,1.0507605235331,4.9097253986867,8.4669579431512,46.0,7.107331245951,2.3936484274651,0.024890121680194,14.052820687928,9743.0,0.00033758831513043,9743,1.0,1,1000.0,46.0,0.046
UFRPLS-20veh-a09,UFRPLS,20,slow,0.9,e900,6.8846659682169,1.1642268146516,4.4677915085888,8.5462364025064,44.0,7.1103023143258,2.4398747947881,0.00999836768937,14.225250080397,9723.0,0.00024979581470455,9723,1.0,1,1000.0,44.0,0.044
UFRPLS-40veh-a01,UFRPLS,40,slow,0.1,e100,0.63234830848994,0.4557234446596,0.10637131804551,1.7100814784755,37.0,1.1822519245461,0.8321699763753,0.010578021393563,4.551313656835,3279.0,0.0015602406587297,3279,1.0,1,1000.0,37.0,0.037
UFRPLS-40veh-a01,UFRPLS,40,slow,0.1,e300,0.59655443334169,0.32783513052857,0.010531333592809,1.34286760404,39.0,1.0061813215386,0.42107997650548,0.043207560822772,2.5583520246798,3455.0,0.001196232779641,3455,1.0,1,1000.0,39.0,0.039
UFRPLS-40veh-a01,UFRPLS,40,slow,0.1,e500,1.1251275893709,0.98840651345182,0.026389829296498,3.1053094767621,24.0,2.1018493852293,0.60354232715955,0.038059309798026,3.7187442121543,4358.0,0.002105061242375,4358,1.0,1,1000.0,24.0,0.024
UFRPLS-40veh-a01,UFRPLS,40,slow,0.1,e700,1.2207893821214,1.1181385997805,0.082215028903619,3.4554826842662,57.0,2.7215012343948,1.0654602215864,0.029239991453245,4.9079762043194,4190.0,0.0012512312859825,4190,1.0,1,1000.0,57.0,0.057
UFRPLS-40veh-a01,UFRPLS,40,slow,0.1,e900,0.91441174503179,1.0099229802477,0.00024374172409836,3.6099674899592,108.0,2.7617397123264,1.3843042283181,0.00024374172409836,5.6519563338643,4306.0,0.0011593074792685,4306,1.0,1,1000.0,108.0,0.108
UFRPLS-40veh-a03,UFRPLS,40,slow,0.3,e100,1.0169957163294,0.4313743943969,0.16599841370633,1.6908327514973,35.0,1.4381493866089,0.66537903758846,0.01853711071854,4.6674585590019,3744.0,0.0011638119564286,3744,1.0,1,1000.0,35.0,0.035
UFRPLS-40veh-a03,UFRPLS,40,slow,0.3,e300,1.0847510435095,0.16877225751861,0.59354878658595,1.416581172114,40.0,1.313183202887,0.38084751145374,0.22668161941655,2.9072500388465,2943.0,0.00135302903285,2943,1.0,1,1000.0,40.0,0.04
UFRPLS-40veh-a03,UFRPLS,40,slow,0.3,e500,1.3052733576534,0.52692329238717,0.58063936506962,3.0647334182677,50.0,2.1239940171665,0.54668665658645,0.11189233330759,3.4656422605709,3779.0,0.001236903961,3779,1.0,1,1000.0,50.0,0.05
UFRPLS-40veh-a03,UFRPLS,40,slow,0.3,e700,1.3866338709907,0.7017734458198,0.22203234813926,3.2712612366531,68.0,2.7673802927762,0.96421994083601,0.22195023581071,5.0818018230201,4255.0,0.0015054639594265,4255,1.0,1,1000.0,68.0,0.068
UFRPLS-40veh-a03,UFRPLS,40,slow,0.3,e900,1.4520981998348,0.83281219900667,0.082638595527314,3.7936213156635,96.0,2.8069893796099,1.2322875831362,0.090547531532124,5.5661843246068,4624.0,0.0015199785580208,4624,1.0,1,1000.0,96.0,0.096
UFRPLS-40veh-a03-fast,UFRPLS,40,fast,0.3,e100,0.98284589784337,0.50804064496278,0.1545808286899,1.9045495338266,23.0,1.756478218631,1.0741594536358,0.00052087951201685,6.4885106909051,5999.0,0.0013083598045217,5999,1.0,1,1000.0,23.0,0.023
UFRPLS-40veh-a03-fast,UFRPLS,40,fast,0.3,e300,1.1508433800633,0.21623463817303,0.64927550750256,1.7151617974767,50.0,1.5873657680829,0.95010854555744,0.18617676710217,7.1788962756899,2657.0,0.00136070079598,2657,1.0,1,1000.0,50.0,0.05
UFRPLS-40veh-a03-fast,UFRPLS,40,fast,0.3,e500,1.4046478513237,0.61311671043897,0.29753892677206,2.5100834305417,31.0,2.2690574294729,0.68797006657035,0.23917009157789,6.5371597457661,3793.0,0.0013318181125484,3793,1.0,1,1000.0,31.0,0.031
UFRPLS-40veh-a03-fast,UFRPLS,40,fast,0.3,e700,1.574581684769,0.76938591583582,0.63055208245395,3.2903423136656,30.0,2.8309843043239,0.99337994244565,0.047530551826902,9.0316654959088,3292.0,0.0016658461343333,3292,1.0,1,1000.0,30.0,0.03
UFRPLS-40veh-a03-fast,UFRPLS,40,fast,0.3,e900,2.7142365686251,1.5100963409766,0.25501920323156,5.856665918886,135.0,3.1003449595882,1.2336167392863,0.082941814050628,8.0612509717276,3911.0,0.0012511756854222,3911,1.0,1,1000.0,135.0,0.135
UFRPLS-40veh-a05,UFRPLS,40,slow,0.5,e100,2.1413163964446,0.97172130106369,0.10257172706193,3.6754369025708,37.0,2.4708215203152,0.91925448432716,0.0010242764654436,5.2256787381935,6829.0,0.00067266348862162,6829,1.0,1,1000.0,37.0,0.037
UFRPLS-40veh-a05,UFRPLS,40,slow,0.5,e300,2.5611307167846,0.46347473780442,1.2722640371678,3.2652151264098,65.0,2.9603132535194,0.76049007364159,0.30968716018621,6.0742471893253,4158.0,0.0014933422142769,4158,1.0,1,1000.0,65.0,0.065
UFRPLS-40veh-a05,UFRPLS,40,slow,0.5,e500,2.7258731071058,0.2325337454537,1.9460472753038,3.2584991697175,67.0,2.8688845014417,0.52568993231816,0.17474485447678,5.111935963069,3225.0,0.016666499357373,3225,1.0,1,1000.0,67.0,0.067
UFRPLS-40veh-a05,UFRPLS,40,slow,0.5,e700,2.6677719975231,0.37195510427247,0.78857392997128,3.4909533820727,90.0,3.1002494242485,0.60652889338766,0.14969669782602,5.2447928283418,4012.0,0.0023428296160556,4012,1.0,1,1000.0,90.0,0.09
UFRPLS-40veh-a05,UFRPLS,40,slow,0.5,e900,2.5682627819116,0.71944896292955,0.0507187415974,3.6981173022593,87.0,3.3735912774553,0.8702311421696,0.013311701455962,5.8349736224352,4197.0,0.0023304336151379,4197,1.0,1,1000.0,87.0,0.087
UFRPLS-40veh-a05-fast,UFRPLS,40,fast,0.5,e100,1.955129971533,0.91143638216366,0.13823703710165,4.2113535949866,25.0,2.7871470314327,1.3153090528323,0.039130281490735,7.338016309993,7216.0,0.00092332151144,7216,1.0,1,1000.0,25.0,0.025
UFRPLS-40veh-a05-fast,UFRPLS,40,fast,0.5,e300,2.7103843760234,0.38741510043434,1.7895509861923,4.2081289808902,45.0,2.9913698129014,0.74429678289149,0.0052037754127241,6.6892182457432,3933.0,0.0012596730307556,3933,1.0,1,1000.0,45.0,0.045
UFRPLS-40veh-a05-fast,UFRPLS,40,fast,0.5,e500,2.7265745999331,0.22646312909458,2.123541676004,3.2762901502425,51.0,2.9190514597136,0.7053837177919,0.31802692649816,7.2545369260074,3241.0,0.075291944910647,3241,1.0,1,1000.0,51.0,0.051
UFRPLS-40veh-a05-fast,UFRPLS,40,fast,0.5,e700,2.8004548375177,0.2947274231822,1.2616964272,3.2434616801875,51.0,3.1344344482594,0.65163659722743,0.028539257003573,8.8990761206498,3403.0,0.0017849374862745,3403,1.0,1,1000.0,51.0,0.051
UFRPLS-40veh-a05-fast,UFRPLS,40,fast,0.5,e900,3.0902141854852,0.97313859361129,0.092775661596008,5.9220998306405,144.0,3.5855975872689,0.89541616269946,0.13481931947074,7.3091103901483,3854.0,0.0012825724999028,3854,1.0,1,1000.0,144.0,0.144
UFRPLS-40veh-a07,UFRPLS,40,slow,0.7,e100,2.3030625231342,1.2596457975161,0.49003023350988,4.6249670180828,24.0,3.1891601563503,1.5775154060476,0.021124503343174,9.2648729465535,7341.0,0.00086723875354167,7341,1.0,1,1000.0,24.0,0.024
UFRPLS-40veh-a07,UFRPLS,40,slow,0.7,e300,5.6913710140683,1.1745043288474,2.7852167995309,7.110455854555,33.0,6.125089398961,1.2729554466455,0.07551757162328,8.577218162214,10238.0,0.00057847967578788,10238,1.0,1,1000.0,33.0,0.033
UFRPLS-40veh-a07,UFRPLS,40,slow,0.7,e500,5.9609406030148,1.1792421395204,2.4775602298615,7.5438963024513,37.0,6.2891614837727,1.2642476069661,0.23958933372022,8.3966524927927,7064.0,0.00083625017091892,7064,1.0,1,1000.0,37.0,0.037
UFRPLS-40veh-a07,UFRPLS,40,slow,0.7,e700,5.5006250254626,1.5950907558304,0.15580469455439,7.937270776324,46.0,6.2861929959074,1.3329387220666,0.0092680196846402,9.1349921674355,6751.0,0.00091815352604348,6751,1.0,1,1000.0,46.0,0.046
UFRPLS-40veh-a07,UFRPLS,40,slow,0.7,e900,5.2725758755097,1.4042831196885,1.9894844945249,7.2365323721039,32.0,6.0927222824421,1.5493040395942,0.09238623850429,8.9650747652561,7223.0,0.00117137076975,7223,1.0,1,1000.0,32.0,0.032
UFRPLS-40veh-a07-fast,UFRPLS,40,fast,0.7,e100,3.2323252376732,1.804401904762,0.31584153257401,5.9413189306085,21.0,3.5714442167929,2.1224512932296,0.0172918918569,9.8460262305637,6716.0,0.0010202258961429,6716,1.0,1,1000.0,21.0,0.021
UFRPLS-40veh-a07-fast,UFRPLS,40,fast,0.7,e300,5.9980548967776,0.87337099094519,3.5885678265915,7.7849235243368,28.0,6.1395158027358,1.4742118721567,0.022463153149225,10.925564979625,8713.0,0.00068783370035714,8713,1.0,1,1000.0,28.0,0.028
UFRPLS-40veh-a07-fast,UFRPLS,40,fast,0.7,e500,6.5381702889173,0.39427693200622,5.6273371067964,7.2607282676393,35.0,6.3721909492146,1.2421004061648,0.070746038701742,9.8580099876538,6401.0,0.0011187591777429,6401,1.0,1,1000.0,35.0,0.035
UFRPLS-40veh-a07-fast,UFRPLS,40,fast,0.7,e700,6.3001567180487,0.56391329966515,4.8841259728732,7.8025826429986,37.0,6.3766887114275,1.100746658164,0.10538779876108,9.6553038250567,6268.0,0.0011084632483514,6268,1.0,1,1000.0,37.0,0.037
UFRPLS-40veh-a07-fast,UFRPLS,40,fast,0.7,e900,6.1398009842004,1.3661218763774,0.24809499952844,7.9920713090031,174.0,6.2513857388596,1.2441041328518,0.23157394641764,10.76815404754,5565.0,0.00095588617852874,5565,1.0,1,1000.0,174.0,0.174
UFRPLS-40veh-a09,UFRPLS,40,slow,0.9,e100,2.3559576222826,1.2238385162562,0.49003023350988,4.6249670180828,27.0,3.1819345034625,1.5842259252205,0.033417901708397,9.2648729465535,7322.0,0.00081584884737037,7322,1.0,1,1000.0,27.0,0.027
UFRPLS-40veh-a09,UFRPLS,40,slow,0.9,e300,5.6385605487047,1.199219233247,3.3405861076683,7.8638104329051,40.0,6.5059613220609,1.9421203266929,0.36717356954194,12.645711632848,8632.0,0.0007335294221,8632,1.0,1,1000.0,40.0,0.04
UFRPLS-40veh-a09,UFRPLS,40,slow,0.9,e500,5.8097238397929,2.0199389862467,0.47775027866026,8.5730863966145,32.0,7.667772544605,2.1671330771608,0.16560986356301,14.1883006512,7914.0,0.00063521902996875,7914,1.0,1,1000.0,32.0,0.032
UFRPLS-40veh-a09,UFRPLS,40,slow,0.9,e700,5.7295127575081,1.7192443983881,0.65543205774874,8.0927339491725,43.0,8.1277482220009,2.406414222998,0.017277618451921,14.945108911968,8197.0,0.00068322967802326,8197,1.0,1,1000.0,43.0,0.043
UFRPLS-40veh-a09,UFRPLS,40,slow,0.9,e900,5.517537276169,1.842441983021,0.6414262038928,8.3496459961066,30.0,8.4495677286198,2.7066167118731,0.13232459810571,15.542910278309,8536.0,0.00050122552163333,8536,1.0,1,1000.0,30.0,0.03
UFRPLS-60veh-a01,UFRPLS,60,slow,0.1,e100,0.55582646827275,0.50567230012743,0.041814775738715,1.8910439667994,17.0,0.98049153783229,0.91592273612822,0.0022068040354242,6.08205842764,2523.0,0.00097741675741176,2523,1.0,1,1000.0,17.0,0.017
UFRPLS-60veh-a01,UFRPLS,60,slow,0.1,e300,0.56246530298151,0.23213687856403,0.17822971826151,0.88614201590209,25.0,0.55307755224066,0.28836913342453,0.046271657643899,2.3094175205147,2462.0,0.00129892471012,2462,1.0,1,1000.0,25.0,0.025
UFRPLS-60veh-a01,UFRPLS,60,slow,0.1,e500,1.219613433843,0.94292644285612,0.07067200194227,2.4431745846059,32.0,1.9672579731751,0.75445985562248,0.052135428038916,5.9471440761684,3037.0,0.001508497117125,3037,1.0,1,1000.0,32.0,0.032
UFRPLS-60veh-a01,UFRPLS,60,slow,0.1,e700,0.81881681489101,0.92732531426426,0.16259870606104,3.2016364888812,38.0,2.8043336922286,1.0708348749339,0.044724750312497,4.8272150688213,3577.0,0.0015713982390789,3577,1.0,1,1000.0,38.0,0.038
UFRPLS-60veh-a01,UFRPLS,60,slow,0.1,e900,0.37042141804111,0.22279141216516,0.014945458306983,0.97890496673058,89.0,2.8331487981025,1.3341208233396,0.038328534824338,5.1317214972539,3992.0,0.013512257845461,3992,1.0,1,1000.0,89.0,0.089
UFRPLS-60veh-a03,UFRPLS,60,slow,0.3,e100,0.95641991404498,0.48983419581326,0.075305910011686,1.6244114679865,16.0,1.2431311524809,0.83621044480135,0.0011040194148961,5.3879832394021,3204.0,0.000523462988875,3204,1.0,1,1000.0,16.0,0.016
UFRPLS-60veh-a03,UFRPLS,60,slow,0.3,e300,1.2009451466999,0.12064065638037,0.89876076261289,1.4120278922884,32.0,1.2731724330803,0.28565489282343,0.0092166636955398,2.4900479674585,2007.0,0.0011293050474375,2007,1.0,1,1000.0,32.0,0.032
UFRPLS-60veh-a03,UFRPLS,60,slow,0.3,e500,1.5366614276282,0.54919523882915,0.76952348621479,2.6140974441386,32.0,2.0672487929121,0.67286520802113,0.14069347719063,5.5703492573098,3080.0,0.0019879364418125,3080,1.0,1,1000.0,32.0,0.032
UFRPLS-60veh-a03,UFRPLS,60,slow,0.3,e700,1.6914535636328,0.75777254763621,0.85906584580167,3.115441593814,28.0,2.8138940546708,0.99847762210603,0.15756033744147,4.9670570251928,3687.0,0.0019668044521786,3687,1.0,1,1000.0,28.0,0.028
UFRPLS-60veh-a03,UFRPLS,60,slow,0.3,e900,0.98129115561396,0.36335745261066,0.076000933271359,2.3266891046553,148.0,3.130753161754,1.2040180620236,0.14645562342718,6.496967358285,4050.0,0.0023122096858446,4050,1.0,1,1000.0,148.0,0.148
UFRPLS-60veh-a03-fast,UFRPLS,60,fast,0.3,e100,1.0781615543567,0.31758866476546,0.16225057319304,1.8011758937027,80.0,1.5808779079381,1.0182561303707,0.032153577592766,6.8587237815213,3557.0,0.001174121842425,3557,1.0,1,1000.0,80.0,0.08
UFRPLS-60veh-a03-fast,UFRPLS,60,fast,0.3,e300,1.0347714721165,0.60567322425913,0.079532429153289,3.3806252092529,116.0,1.3624446506551,0.70185518563289,0.033255429220581,5.6712032156754,2141.0,0.0010240902830259,2141,1.0,1,1000.0,116.0,0.116
UFRPLS-60veh-a03-fast,UFRPLS,60,fast,0.3,e500,1.3444157532985,0.47187745300851,0.028265941666803,2.6227997213357,107.0,1.7092863570594,0.5392327331363,0.41723100565967,4.8596993489489,2318.0,0.0016485226558879,2318,1.0,1,1000.0,107.0,0.107
UFRPLS-60veh-a03-fast,UFRPLS,60,fast,0.3,e700,1.5167122211864,0.86060677377611,0.11273382215324,3.7894902281442,124.0,2.5796824878995,0.89624902453516,0.12328410432593,5.6172520323752,2778.0,0.0018547231261048,2778,1.0,1,1000.0,124.0,0.124
UFRPLS-60veh-a03-fast,UFRPLS,60,fast,0.3,e900,1.7289751380533,0.91535532062183,0.41097458831,3.9922865978012,82.0,2.9267028409663,1.2118231207394,0.11915127927404,5.0927958577221,2915.0,0.05350688675322,2915,1.0,1,1000.0,82.0,0.082
UFRPLS-60veh-a05,UFRPLS,60,slow,0.5,e100,1.0592309144847,0.61941873889048,0.23992330916348,2.0669776594199,12.0,1.6263861192976,1.008051519314,2.0777855120002e-05,5.5262618942141,4961.0,0.00061480591608333,4961,1.0,1,1000.0,12.0,0.012
UFRPLS-60veh-a05,UFRPLS,60,slow,0.5,e300,2.7059431544958,0.36262637217706,1.0334926291545,3.2386183581947,42.0,2.9164260959451,0.4139463188674,0.016808074104411,5.088267603708,2613.0,0.0014191726579762,2613,1.0,1,1000.0,42.0,0.042
UFRPLS-60veh-a05,UFRPLS,60,slow,0.5,e500,2.6896965792104,0.41616462653824,0.62930009076087,3.3241054634893,69.0,2.8445468315948,0.71509843692568,0.37220457158892,6.5772038744733,2280.0,0.016899428392087,2280,1.0,1,1000.0,69.0,0.069
UFRPLS-60veh-a05,UFRPLS,60,slow,0.5,e700,2.5467911838405,0.61927199662833,0.25574631902182,3.7727765716048,58.0,3.1066243215538,0.68592951827232,0.06940151205896,5.6382815598925,3408.0,0.1065564228099,3408,1.0,1,1000.0,58.0,0.058
UFRPLS-60veh-a05,UFRPLS,60,slow,0.5,e900,2.0628436929215,0.80160887822077,0.11825440577519,4.024355080849,84.0,3.5390985482773,0.74676356886086,0.066657169360674,5.2839474770743,3600.0,0.0026657707881667,3600,1.0,1,1000.0,84.0,0.084
UFRPLS-60veh-a05-fast,UFRPLS,60,fast,0.5,e100,2.5438592026923,0.70424448716305,0.31903785370314,5.2375698577084,119.0,2.831285717261,0.99614887965649,0.034744151675071,7.2342360009813,4509.0,0.00093415658718487,4509,1.0,1,1000.0,119.0,0.119
UFRPLS-60veh-a05-fast,UFRPLS,60,fast,0.5,e300,2.0956187415285,1.1835200044427,0.013439788680323,5.9903492829583,105.0,2.7357851873137,0.82644227571316,0.018616638318385,6.1303698962319,3856.0,0.00090262770295238,3856,1.0,1,1000.0,105.0,0.105
UFRPLS-60veh-a05-fast,UFRPLS,60,fast,0.5,e500,2.7357306627448,0.26798435095802,1.2133576390043,3.3896587358467,223.0,2.8987969723525,0.44129335457916,0.22348740895646,6.3863049596625,2272.0,0.0015883730426009,2272,1.0,1,1000.0,223.0,0.223
UFRPLS-60veh-a05-fast,UFRPLS,60,fast,0.5,e700,2.62401475063,0.57056766048178,0.070678073208981,3.7979124744511,145.0,3.0320130198077,0.64818648706213,0.015513625890847,9.936551591264,2550.0,0.016289612651283,2550,1.0,1,1000.0,145.0,0.145
UFRPLS-60veh-a05-fast,UFRPLS,60,fast,0.5,e900,2.7936332747208,0.37210777552746,1.5629393061561,3.9357021574154,92.0,3.422363941971,0.79851336807212,0.24883075566256,5.1467516527879,3360.0,0.0018241832462283,3360,1.0,1,1000.0,92.0,0.092
UFRPLS-60veh-a07,UFRPLS,60,slow,0.7,e100,1.1405894969432,0.64149760337135,0.32038706356656,2.1975014151574,15.0,1.6490570720131,1.0865515556344,0.0052728630431034,7.4374253919344,3235.0,0.00056216008013333,3235,1.0,1,1000.0,15.0,0.015
UFRPLS-60veh-a07,UFRPLS,60,slow,0.7,e300,5.9576811587236,0.75476749699285,4.3947472593997,7.1608957177244,26.0,6.3711629352718,1.1366224021645,0.33939940337025,11.742230446271,9466.0,0.00061606095726923,9466,1.0,1,1000.0,26.0,0.026
UFRPLS-60veh-a07,UFRPLS,60,slow,0.7,e500,6.5548333713456,0.47627294417365,5.6216147921695,7.7075601319215,29.0,6.4157441194621,1.1878016504402,0.33118288931729,10.176350629628,6238.0,0.00063925859765517,6238,1.0,1,1000.0,29.0,0.029
UFRPLS-60veh-a07,UFRPLS,60,slow,0.7,e700,6.1991880574372,0.94463985904405,4.2192120678755,7.6320802685936,31.0,6.2872665360619,1.3896274456092,0.30948227212927,11.175438816687,6061.0,0.00072432811732258,6061,1.0,1,1000.0,31.0,0.031
UFRPLS-60veh-a07,UFRPLS,60,slow,0.7,e900,2.8143221018518,1.3479416694194,0.059934830313559,5.3631695839605,27.0,6.2353091868344,1.2211611660114,0.13695938993629,8.4200842091869,6225.0,0.0011080801283704,6225,1.0,1,1000.0,27.0,0.027
UFRPLS-60veh-a07-fast,UFRPLS,60,fast,0.7,e100,5.208665524283,1.6776432777555,0.078285398222746,7.983497694709,141.0,4.7914329476544,1.9135265835049,0.057324923594116,9.3334084241336,5726.0,0.0011066308945106,5726,1.0,1,1000.0,141.0,0.141
UFRPLS-60veh-a07-fast,UFRPLS,60,fast,0.7,e300,3.0069429546404,2.1535737918303,0.019099174962079,8.0479934145875,117.0,5.0234909940163,1.9851396065446,0.014960121619652,10.462118767555,5542.0,0.00087064308538461,5542,1.0,1,1000.0,117.0,0.117
UFRPLS-60veh-a07-fast,UFRPLS,60,fast,0.7,e500,5.9521462779744,1.231711083279,0.14015707132502,7.5191868567601,210.0,6.5704393911638,0.95271572831769,0.48568998382046,9.3246656361619,4896.0,0.0011017865742143,4896,1.0,1,1000.0,210.0,0.21
UFRPLS-60veh-a07-fast,UFRPLS,60,fast,0.7,e700,6.2090182297638,1.1182514357274,0.32325884610363,7.6445021627304,136.0,6.5636802101286,1.055707071691,0.063714529947745,10.632782680103,4572.0,0.0015658616760735,4572,1.0,1,1000.0,136.0,0.136
UFRPLS-60veh-a07-fast,UFRPLS,60,fast,0.7,e900,6.185776752425,0.99873983698927,1.1685841762422,7.2393372759338,128.0,6.4677042548514,1.2623045056041,0.69016945458461,10.160254639619,5349.0,0.0017283562231328,5349,1.0,1,1000.0,128.0,0.128
UFRPLS-60veh-a09,UFRPLS,60,slow,0.9,e100,0.93271628907294,0.744233787244,0.02927930323839,2.0669776594199,17.0,1.6553370330156,1.1244432989028,0.0072855828537257,6.8491813442615,3126.0,0.00070289773211765,3126,1.0,1,1000.0,17.0,0.017
UFRPLS-60veh-a09,UFRPLS,60,slow,0.9,e300,5.8608740802255,0.83567655076924,4.2919125199864,7.0317680097712,32.0,7.6625578918306,2.1418711870888,0.31084622690447,12.75705311351,8236.0,0.00082759253671875,8236,1.0,1,1000.0,32.0,0.032
UFRPLS-60veh-a09,UFRPLS,60,slow,0.9,e500,7.8444827860961,0.66479534968445,6.6088716906471,8.7345545201471,30.0,8.8335462888235,2.5412712688592,0.044692663786947,14.129969269597,8418.0,0.0006620590382,8418,1.0,1,1000.0,30.0,0.03
UFRPLS-60veh-a09,UFRPLS,60,slow,0.9,e700,6.2032748153282,1.1081680526925,4.2087937788284,8.0384040396824,33.0,9.6414198736916,3.0596599100875,0.12108822893696,15.827824317489,8728.0,0.00068364729445455,8728,1.0,1,1000.0,33.0,0.033
UFRPLS-60veh-a09,UFRPLS,60,slow,0.9,e900,2.7441608519383,1.2499215247644,0.038510041310957,4.8872139630372,32.0,10.112486280818,3.4318718238968,0.10290088721761,16.609498324706,8641.0,0.00116964484325,8641,1.0,1,1000.0,32.0,0.032
UFRPLS-80veh-a01,UFRPLS,80,slow,0.1,e100,0.37196402965507,0.18884210305109,0.11856893282335,1.035388994336,35.0,1.0523549240054,1.1423819571655,0.018075136662226,5.2986057798894,2723.0,0.0012383516824,2723,1.0,1,1000.0,35.0,0.035
UFRPLS-80veh-a01,UFRPLS,80,slow,0.1,e300,0.38140819361211,0.17604422505611,0.052264160047216,0.80854562874789,29.0,0.54974478861924,0.46558700052662,0.022501708450708,4.0209074059396,1640.0,0.035999486967345,1640,1.0,1,1000.0,29.0,0.029
UFRPLS-80veh-a01,UFRPLS,80,slow,0.1,e500,0.97393302572817,0.74963359471344,0.1905579018961,2.2926634221696,24.0,2.0841913184502,0.74157815301326,0.019685602535674,4.6804966158252,3220.0,0.043625588149958,3220,1.0,1,1000.0,24.0,0.024
UFRPLS-80veh-a01,UFRPLS,80,slow,0.1,e700,0.54124408208612,0.60965202484088,0.08919957797238,3.1519161601373,101.0,2.5993831526618,1.2195039628588,0.046376558848905,4.3826309130486,3203.0,0.011776250126743,3203,1.0,1,1000.0,101.0,0.101
UFRPLS-80veh-a01,UFRPLS,80,slow,0.1,e900,0.78078217538749,0.80526392562989,0.1096450411072,2.4543982233213,30.0,2.8590659577476,1.3628709337563,0.043913501685402,4.8502303570958,3431.0,0.061797096907667,3431,1.0,1,1000.0,30.0,0.03
UFRPLS-80veh-a03,UFRPLS,80,slow,0.3,e100,1.0884867305365,0.44361766623548,0.15091592099982,2.2590637129633,33.0,1.5107086161763,0.89505450514351,0.028279736743769,6.4931497766538,3834.0,0.0015656767620303,3834,1.0,1,1000.0,33.0,0.033
UFRPLS-80veh-a03,UFRPLS,80,slow,0.3,e300,1.100772613712,0.18607974906013,0.69133197014654,1.4852286804679,30.0,1.3646275082582,0.50196865703615,0.13080997377389,3.8693183455835,1874.0,0.0014916547909667,1874,1.0,1,1000.0,30.0,0.03
UFRPLS-80veh-a03,UFRPLS,80,slow,0.3,e500,1.4669625810211,0.73022916170742,0.0062141009648968,2.6083278256365,32.0,2.0591645576354,0.69436690160938,0.11815886813067,5.930520209024,2625.0,0.033746002458281,2625,1.0,1,1000.0,32.0,0.032
UFRPLS-80veh-a03,UFRPLS,80,slow,0.3,e700,1.2122902052111,0.48885259301076,0.27180343995028,3.0949850379655,94.0,2.6595271214486,1.0265468622826,0.27180343995028,4.2275932584842,3055.0,0.0023628732511915,3055,1.0,1,1000.0,94.0,0.094
UFRPLS-80veh-a03,UFRPLS,80,slow,0.3,e900,1.35352827794,0.47979372494327,0.25578289438741,2.3254349274993,43.0,2.8907473029964,1.2146916629881,0.014409976881275,5.3243846754363,3163.0,0.0023965418543953,3163,1.0,1,1000.0,43.0,0.043
UFRPLS-80veh-a03-fast,UFRPLS,80,fast,0.3,e100,1.0009427571182,0.3308576704382,0.20472563322836,1.6849761841783,15.0,1.3511887841502,0.60261195009922,0.005341103286213,5.3686132046471,2325.0,0.0010581207872667,2325,1.0,1,1000.0,15.0,0.015
UFRPLS-80veh-a03-fast,UFRPLS,80,fast,0.3,e300,1.1870030669383,0.25962832479575,0.013732921084127,2.1741661506713,364.0,1.2615273796059,0.23004513870471,0.1669365962226,5.2534780234868,1468.0,0.0032808191486703,1468,1.0,1,1000.0,364.0,0.364
UFRPLS-80veh-a03-fast,UFRPLS,80,fast,0.3,e500,1.1942452058539,0.27467775675413,0.61945955320789,2.1207675636377,63.0,1.8946851526605,0.49910379592986,0.15494411055993,3.1672456672149,2077.0,0.022446317529857,2077,1.0,1,1000.0,63.0,0.063
UFRPLS-80veh-a03-fast,UFRPLS,80,fast,0.3,e700,1.9210340668568,0.90865330195661,0.34766108019925,3.7802733204574,52.0,2.6954535642852,0.89367972369327,0.54368975135133,4.2858449937093,2490.0,0.0021729649177885,2490,1.0,1,1000.0,52.0,0.052
UFRPLS-80veh-a03-fast,UFRPLS,80,fast,0.3,e900,2.3566336104293,1.0832471996481,0.36446118645054,4.3165396332159,47.0,3.0025145766488,1.1374774441102,0.35420132891227,5.8219600458779,2620.0,0.0016572687508298,2620,1.0,1,1000.0,47.0,0.047
UFRPLS-80veh-a05,UFRPLS,80,slow,0.5,e100,2.1413368903986,0.78895991905567,0.73689790656942,3.0676204149878,24.0,2.5554132500954,0.95885066846261,0.1853211641048,6.0703273278411,5703.0,0.00089021917254167,5703,1.0,1,1000.0,24.0,0.024
UFRPLS-80veh-a05,UFRPLS,80,slow,0.5,e300,2.6947654827267,0.37116464467518,1.5878544904695,3.427880839532,31.0,2.8825397336774,0.42235450609706,0.30320891050071,5.1062360718193,2815.0,0.099006466281516,2815,1.0,1,1000.0,31.0,0.031
UFRPLS-80veh-a05,UFRPLS,80,slow,0.5,e500,2.7046737120818,0.26173640214808,1.4839444235288,3.1172082828802,46.0,2.800399480979,0.45564284009587,0.073575038488755,5.8160038307813,2181.0,0.024876394343391,2181,1.0,1,1000.0,46.0,0.046
UFRPLS-80veh-a05,UFRPLS,80,slow,0.5,e700,2.5780315173759,0.57509973232864,0.015398426024589,3.3242823677269,93.0,3.0684657253006,0.57617984255384,0.015398426024589,4.175192042564,2608.0,0.0025170685041398,2608,1.0,1,1000.0,93.0,0.093
UFRPLS-80veh-a05,UFRPLS,80,slow,0.5,e900,2.7311435571062,0.23225746258276,1.3930867650191,3.0032079780581,58.0,3.3138326152525,0.86682976734917,0.023800259003274,4.989407203097,2955.0,0.020587743293534,2955,1.0,1,1000.0,58.0,0.058
UFRPLS-80veh-a05-fast,UFRPLS,80,fast,0.5,e100,2.4488377411049,0.92531621665343,0.52441068233044,3.7406793168268,20.0,2.7311460718074,0.84312177809354,0.037587240915741,6.4176733718582,3887.0,0.00121213318565,3887,1.0,1,1000.0,20.0,0.02
UFRPLS-80veh-a05-fast,UFRPLS,80,fast,0.5,e300,2.5160518716559,0.42919474039085,0.34984436552566,3.482692856716,258.0,2.851997334132,0.32060626712286,0.88593553581159,4.7635448113898,2418.0,0.005908711771186,2418,1.0,1,1000.0,258.0,0.258
UFRPLS-80veh-a05-fast,UFRPLS,80,fast,0.5,e500,2.7628518778748,0.20459645726774,1.7760010435501,3.0920432931613,83.0,2.8479573870263,0.33468488395495,0.56584399937327,4.9786635915692,1957.0,0.0018531265747229,1957,1.0,1,1000.0,83.0,0.083
UFRPLS-80veh-a05-fast,UFRPLS,80,fast,0.5,e700,2.941416446975,0.28693936776095,2.4366964091806,3.7522230577827,60.0,3.054875027892,0.51421054173376,0.23999869921521,6.2338981236302,2414.0,0.0016741046095333,2414,1.0,1,1000.0,60.0,0.06
UFRPLS-80veh-a05-fast,UFRPLS,80,fast,0.5,e900,2.9942210869762,0.43062466811636,2.3524467814296,4.2776847564244,59.0,3.3349412902276,0.72550683127939,0.25386300596169,5.982278657873,2940.0,0.019453346468356,2940,1.0,1,1000.0,59.0,0.059
UFRPLS-80veh-a07,UFRPLS,80,slow,0.7,e100,1.9965239731449,1.5492109090791,0.088826100780551,4.4432137482676,15.0,4.0611247858909,1.830870035328,0.015637138621031,9.5130697010606,7485.0,0.00091983943786667,7485,1.0,1,1000.0,15.0,0.015
UFRPLS-80veh-a07,UFRPLS,80,slow,0.7,e300,5.7416355314616,0.95952859376908,3.9513076075786,7.1987046120462,15.0,5.9063670150684,1.2693802511604,0.36684398468596,10.080851988347,6486.0,0.00079002187613333,6486,1.0,1,1000.0,15.0,0.015
UFRPLS-80veh-a07,UFRPLS,80,slow,0.7,e500,6.6587331282475,0.39898374967636,5.7936611116146,7.7760395810735,22.0,6.2861762695379,1.240715487786,0.082130299845716,8.7123153308728,5690.0,0.0012674750295,5690,1.0,1,1000.0,22.0,0.022
UFRPLS-80veh-a07,UFRPLS,80,slow,0.7,e700,5.5398688540039,1.7198811980482,0.91344447584143,7.1466051782964,23.0,6.3135674923182,1.1356826314661,0.097688114578467,8.3702032299131,5474.0,0.0010695655743043,5474,1.0,1,1000.0,23.0,0.023
UFRPLS-80veh-a07,UFRPLS,80,slow,0.7,e900,6.5943727312244,0.43802680029768,5.5279460455301,7.2873717485408,25.0,6.246177993202,1.338019168059,0.16100494049432,9.4674179410954,5391.0,0.0005636384648,5391,1.0,1,1000.0,25.0,0.025
UFRPLS-80veh-a07-fast,UFRPLS,80,fast,0.7,e100,2.2547921224168,1.4123283796912,0.020463777832184,4.4332325518395,16.0,5.0331492236955,2.1823415870075,0.034049470910624,10.160499302196,5667.0,0.002079609278625,5667,1.0,1,1000.0,16.0,0.016
UFRPLS-80veh-a07-fast,UFRPLS,80,fast,0.7,e300,3.9088033809592,1.5861298314929,0.091502156587467,6.1087157195971,52.0,6.4165473064952,0.97293580029925,0.091502156587467,9.0019291869326,4678.0,0.0019288127374231,4678,1.0,1,1000.0,52.0,0.052
UFRPLS-80veh-a07-fast,UFRPLS,80,fast,0.7,e500,6.4497355769419,0.80882622503222,0.12223233076084,7.8812722023636,178.0,6.6196677158583,0.82518215607433,0.11521422482267,9.1341059895736,3957.0,0.0012971038056404,3957,1.0,1,1000.0,178.0,0.178
UFRPLS-80veh-a07-fast,UFRPLS,80,fast,0.7,e700,6.5661400823605,0.24385041344523,6.1051389718585,7.2417152187498,44.0,6.6177693999315,0.9063647246957,0.18196056761482,10.259880476351,4103.0,0.0016752000157727,4103,1.0,1,1000.0,44.0,0.044
UFRPLS-80veh-a07-fast,UFRPLS,80,fast,0.7,e900,6.6124556285079,0.20947910710467,6.0648519979326,7.3474179270541,51.0,6.4295163008584,1.1292716830066,0.33068340061195,9.3991149225284,4198.0,0.0015823615277059,4198,1.0,1,1000.0,51.0,0.051
UFRPLS-80veh-a09,UFRPLS,80,slow,0.9,e100,1.4411399988047,0.96870443958257,0.50693882187822,3.7178523358939,9.0,4.2713063730895,2.1547690830429,0.029806698399128,13.161653203187,7858.0,0.000540844519,7858,1.0,1,1000.0,9.0,0.009
UFRPLS-80veh-a09,UFRPLS,80,slow,0.9,e300,5.5523206428875,0.86402179667969,3.9925492089453,7.3455668601752,30.0,6.5975370165603,2.1332440035248,0.066071147170639,12.221534558777,5190.0,0.00090077790413333,5190,1.0,1,1000.0,30.0,0.03
UFRPLS-80veh-a09,UFRPLS,80,slow,0.9,e500,8.3798557468149,0.46205072757059,7.3244781626034,9.151948488231,25.0,9.3076421736667,2.6748652737644,0.038055936468183,14.458114939029,8801.0,0.00081563383612,8801,1.0,1,1000.0,25.0,0.025
UFRPLS-80veh-a09,UFRPLS,80,slow,0.9,e700,5.6205705544108,1.9024652614133,0.045261262854055,8.4504992071733,26.0,10.498601062989,3.1703902247502,0.045261262854055,15.541837851421,8122.0,0.0014303110424615,8122,1.0,1,1000.0,26.0,0.026
UFRPLS-80veh-a09,UFRPLS,80,slow,0.9,e900,6.5431648078955,0.77721169666688,4.0765100156151,7.7195568511687,30.0,10.151500542536,3.1812682788097,0.66044239036894,16.102612941991,8015.0,0.00082315682533333,8015,1.0,1,1000.0,30.0,0.03
